Order ID,Order Date,Product,Quantity,Sales
ORD-1000,2024-01-03 18:07:00,Product C,1,440.75
ORD-1001,2024-01-07 02:11:00,Product C,3,57.4
ORD-1002,2024-01-09 18:38:00,Product A,5,255.34
ORD-1003,2024-01-06 00:26:00,Product A,3,435.18
ORD-1004,2024-01-14 16:36:00,Product D,3,76.95
ORD-1005,2024-01-31 22:56:00,Product A,5,84.44
ORD-1006,2024-01-02 09:26:00,Product A,4,421.8
ORD-1007,2024-01-09 10:17:00,Product C,3,36.85
ORD-1008,2024-01-15 05:24:00,Product C,5,360.4
ORD-1009,2024-01-09 21:44:00,Product A,4,54.17
ORD-1010,2024-01-18 08:14:00,Product C,3,495.23
ORD-1011,2024-01-15 15:58:00,Product D,3,484.99
ORD-1012,2024-01-25 00:50:00,Product A,3,223.69
ORD-1013,2024-01-12 01:58:00,Product D,5,215.93
ORD-1014,2024-01-14 20:21:00,Product A,5,60.73
ORD-1015,2024-01-20 14:05:00,Product C,1,139.2
ORD-1016,2024-01-31 19:42:00,Product A,4,494.45
ORD-1017,2024-01-20 06:15:00,Product B,2,22.88
ORD-1018,2024-01-04 20:31:00,Product A,4,344.81
ORD-1019,2024-01-13 23:50:00,Product C,5,290.77
ORD-1020,2024-01-31 05:07:00,Product D,3,324.49
ORD-1021,2024-01-02 00:09:00,Product D,5,146.05
ORD-1022,2024-01-01 09:59:00,Product A,4,53.03
ORD-1023,2024-01-27 19:57:00,Product C,2,158.72
ORD-1024,2024-01-06 09:07:00,Product B,2,458.68
ORD-1025,2024-01-02 13:36:00,Product C,5,374.1
ORD-1026,2024-01-24 03:08:00,Product D,3,486.47
ORD-1027,2024-01-13 05:55:00,Product A,2,302.54
ORD-1028,2024-01-01 05:45:00,Product C,2,144.56
ORD-1029,2024-01-28 14:51:00,Product A,5,348.86
ORD-1030,2024-01-21 02:16:00,Product B,3,484.08
ORD-1031,2024-01-18 08:30:00,Product C,5,339.59
ORD-1032,2024-01-03 15:57:00,Product C,1,33.68
ORD-1033,2024-01-01 18:18:00,Product D,3,41.64
ORD-1034,2024-01-23 01:36:00,Product B,2,383.0
ORD-1035,2024-01-28 21:13:00,Product C,3,245.22
ORD-1036,2024-01-21 14:02:00,Product B,3,364.62
ORD-1037,2024-01-04 11:50:00,Product C,3,27.47
ORD-1038,2024-01-02 08:56:00,Product A,4,203.65
ORD-1039,2024-01-21 17:15:00,Product B,2,129.16
ORD-1040,2024-01-17 08:19:00,Product A,3,88.51
ORD-1041,2024-01-17 12:54:00,Product B,4,322.66
ORD-1042,2024-01-12 07:49:00,Product C,3,176.41
ORD-1043,2024-01-03 04:20:00,Product D,2,50.31
ORD-1044,2024-01-20 07:39:00,Product A,5,58.78
ORD-1045,2024-01-10 18:21:00,Product C,5,153.29
ORD-1046,2024-01-29 17:56:00,Product D,5,282.64
ORD-1047,2024-01-28 23:11:00,Product A,2,490.3
ORD-1048,2024-01-19 19:08:00,Product D,2,328.77
ORD-1049,2024-01-23 17:13:00,Product A,2,48.77
ORD-1050,2024-01-27 12:36:00,Product D,2,479.14
ORD-1051,2024-01-06 18:57:00,Product D,4,392.81
ORD-1052,2024-01-03 01:15:00,Product A,3,393.0
ORD-1053,2024-01-08 04:03:00,Product B,3,474.76
ORD-1054,2024-01-17 06:12:00,Product B,2,455.02
ORD-1055,2024-01-19 16:27:00,Product A,1,68.86
ORD-1056,2024-01-15 13:43:00,Product D,3,456.36
ORD-1057,2024-01-19 07:18:00,Product D,4,277.77
ORD-1058,2024-01-02 06:47:00,Product C,3,145.63
ORD-1059,2024-01-05 10:35:00,Product C,3,144.33
ORD-1060,2024-01-24 23:31:00,Product B,2,404.07
ORD-1061,2024-01-17 08:03:00,Product C,1,321.57
ORD-1062,2024-01-16 16:46:00,Product B,4,103.39
ORD-1063,2024-01-08 13:08:00,Product D,1,117.02
ORD-1064,2024-01-15 18:18:00,Product D,4,392.05
ORD-1065,2024-01-18 04:02:00,Product C,1,367.14
ORD-1066,2024-01-06 22:14:00,Product D,3,346.38
ORD-1067,2024-01-18 05:57:00,Product B,3,298.75
ORD-1068,2024-01-01 21:47:00,Product D,2,137.3
ORD-1069,2024-01-28 09:51:00,Product D,3,126.64
ORD-1070,2024-01-06 08:15:00,Product B,2,475.5
ORD-1071,2024-01-28 10:06:00,Product A,3,405.93
ORD-1072,2024-01-05 07:39:00,Product B,2,72.85
ORD-1073,2024-01-17 09:51:00,Product B,5,354.81
ORD-1074,2024-01-25 01:05:00,Product A,4,219.06
ORD-1075,2024-01-26 21:52:00,Product B,3,218.87
ORD-1076,2024-01-04 14:55:00,Product A,3,330.11
ORD-1077,2024-01-16 00:17:00,Product D,1,497.74
ORD-1078,2024-01-30 03:56:00,Product D,4,272.58
ORD-1079,2024-01-16 17:35:00,Product C,1,453.36
ORD-1080,2024-01-28 10:51:00,Product D,3,142.48
ORD-1081,2024-01-16 02:34:00,Product D,2,58.2
ORD-1082,2024-01-29 16:53:00,Product A,4,113.03
ORD-1083,2024-01-09 12:30:00,Product D,3,389.25
ORD-1084,2024-01-03 08:06:00,Product B,2,347.34
ORD-1085,2024-01-12 20:13:00,Product D,4,312.1
ORD-1086,2024-01-31 09:06:00,Product A,3,361.94
ORD-1087,2024-01-19 00:59:00,Product D,5,474.68
ORD-1088,2024-01-05 05:11:00,Product B,4,298.08
ORD-1089,2024-01-28 04:32:00,Product D,1,80.1
ORD-1090,2024-01-22 15:56:00,Product C,2,476.42
ORD-1091,2024-01-10 09:56:00,Product C,2,398.25
ORD-1092,2024-01-16 14:49:00,Product C,3,279.08
ORD-1093,2024-01-19 09:32:00,Product D,2,338.56
ORD-1094,2024-01-03 14:32:00,Product C,1,42.14
ORD-1095,2024-01-02 08:13:00,Product B,3,447.87
ORD-1096,2024-01-08 18:38:00,Product D,2,411.74
ORD-1097,2024-01-26 03:35:00,Product B,3,421.19
ORD-1098,2024-01-19 18:22:00,Product D,3,322.26
ORD-1099,2024-01-11 01:59:00,Product C,5,229.56
ORD-1100,2024-01-30 15:56:00,Product C,4,51.41
ORD-1101,2024-01-09 15:30:00,Product C,5,200.52
ORD-1102,2024-01-20 09:55:00,Product B,3,149.26
ORD-1103,2024-01-07 09:47:00,Product C,5,113.48
ORD-1104,2024-01-29 15:11:00,Product A,1,421.84
ORD-1105,2024-01-30 23:09:00,Product B,2,457.54
ORD-1106,2024-01-04 14:46:00,Product D,4,202.04
ORD-1107,2024-01-29 20:43:00,Product A,1,138.74
ORD-1108,2024-01-22 14:54:00,Product B,1,339.02
ORD-1109,2024-01-19 12:31:00,Product B,5,288.04
ORD-1110,2024-01-03 17:59:00,Product D,5,27.02
ORD-1111,2024-01-27 15:53:00,Product A,1,158.96
ORD-1112,2024-01-16 02:13:00,Product C,4,323.33
ORD-1113,2024-01-10 10:15:00,Product B,1,139.89
ORD-1114,2024-01-02 06:24:00,Product C,1,475.85
ORD-1115,2024-01-09 10:18:00,Product D,5,158.57
ORD-1116,2024-01-26 02:18:00,Product A,5,98.92
ORD-1117,2024-01-25 16:28:00,Product C,2,181.75
ORD-1118,2024-01-15 08:29:00,Product C,3,134.27
ORD-1119,2024-01-19 09:41:00,Product C,2,50.21
ORD-1120,2024-01-14 02:43:00,Product C,4,492.67
ORD-1121,2024-01-12 15:59:00,Product C,5,438.07
ORD-1122,2024-01-18 19:38:00,Product C,1,148.53
ORD-1123,2024-01-15 16:35:00,Product C,2,22.35
ORD-1124,2024-01-24 16:04:00,Product C,4,351.0
ORD-1125,2024-01-09 18:26:00,Product B,1,176.1
ORD-1126,2024-01-06 21:02:00,Product B,1,293.49
ORD-1127,2024-01-24 15:26:00,Product C,4,115.11
ORD-1128,2024-01-07 11:39:00,Product C,5,222.53
ORD-1129,2024-01-09 22:37:00,Product A,1,429.12
ORD-1130,2024-01-10 05:34:00,Product A,5,366.23
ORD-1131,2024-01-08 04:01:00,Product D,1,403.96
ORD-1132,2024-01-29 04:13:00,Product A,5,183.03
ORD-1133,2024-01-19 13:02:00,Product C,5,272.88
ORD-1134,2024-01-08 03:19:00,Product B,4,402.98
ORD-1135,2024-01-12 17:05:00,Product D,1,55.34
ORD-1136,2024-01-01 06:52:00,Product C,3,469.73
ORD-1137,2024-01-22 10:50:00,Product B,2,162.15
ORD-1138,2024-01-23 20:16:00,Product D,4,459.4
ORD-1139,2024-01-12 06:17:00,Product B,1,336.55
ORD-1140,2024-01-21 10:21:00,Product C,2,497.9
ORD-1141,2024-01-16 05:17:00,Product D,4,231.68
ORD-1142,2024-01-09 08:33:00,Product C,2,197.04
ORD-1143,2024-01-17 13:44:00,Product B,3,409.42
ORD-1144,2024-01-23 00:08:00,Product D,3,59.61
ORD-1145,2024-01-03 22:08:00,Product B,3,118.88
ORD-1146,2024-01-18 03:30:00,Product D,4,449.21
ORD-1147,2024-01-24 13:28:00,Product D,2,285.41
ORD-1148,2024-01-27 20:02:00,Product C,2,267.28
ORD-1149,2024-01-12 11:45:00,Product B,4,445.1
ORD-1150,2024-01-26 15:21:00,Product C,3,245.74
ORD-1151,2024-01-01 21:32:00,Product C,1,489.43
ORD-1152,2024-01-01 20:21:00,Product C,4,347.34
ORD-1153,2024-01-29 05:40:00,Product C,5,87.9
ORD-1154,2024-01-18 08:17:00,Product A,2,36.94
ORD-1155,2024-01-13 12:32:00,Product A,3,254.67
ORD-1156,2024-01-29 12:25:00,Product C,4,102.03
ORD-1157,2024-01-25 00:22:00,Product A,4,81.07
ORD-1158,2024-01-30 14:34:00,Product D,2,302.13
ORD-1159,2024-01-06 02:51:00,Product C,4,203.43
ORD-1160,2024-01-24 18:53:00,Product A,4,76.17
ORD-1161,2024-01-11 17:44:00,Product A,2,135.39
ORD-1162,2024-01-11 02:22:00,Product A,2,331.57
ORD-1163,2024-01-18 09:54:00,Product D,2,109.86
ORD-1164,2024-01-04 12:59:00,Product C,5,314.2
ORD-1165,2024-01-01 06:52:00,Product C,3,206.18
ORD-1166,2024-01-16 17:34:00,Product B,5,308.33
ORD-1167,2024-01-24 03:42:00,Product A,2,65.43
ORD-1168,2024-01-30 07:40:00,Product C,2,277.49
ORD-1169,2024-01-26 23:19:00,Product C,5,400.11
ORD-1170,2024-01-27 13:09:00,Product B,5,51.11
ORD-1171,2024-01-09 13:54:00,Product B,3,210.92
ORD-1172,2024-01-05 22:50:00,Product C,1,159.56
ORD-1173,2024-01-20 20:45:00,Product A,5,224.52
ORD-1174,2024-01-04 12:23:00,Product C,3,407.97
ORD-1175,2024-01-23 04:01:00,Product B,5,401.3
ORD-1176,2024-01-16 11:06:00,Product B,3,122.41
ORD-1177,2024-01-14 17:56:00,Product C,1,54.34
ORD-1178,2024-01-22 22:11:00,Product D,3,465.33
ORD-1179,2024-01-08 23:50:00,Product D,4,318.59
ORD-1180,2024-01-18 03:34:00,Product A,5,471.95
ORD-1181,2024-01-02 05:36:00,Product D,1,457.4
ORD-1182,2024-01-30 10:02:00,Product A,1,219.14
ORD-1183,2024-01-29 22:26:00,Product D,2,212.29
ORD-1184,2024-01-26 11:22:00,Product C,1,187.02
ORD-1185,2024-01-06 12:05:00,Product B,1,32.57
ORD-1186,2024-01-02 03:28:00,Product A,4,182.87
ORD-1187,2024-01-19 20:22:00,Product B,5,83.4
ORD-1188,2024-01-23 02:09:00,Product B,1,24.11
ORD-1189,2024-01-19 07:04:00,Product A,1,375.32
ORD-1190,2024-01-07 03:04:00,Product D,1,177.17
ORD-1191,2024-01-12 22:12:00,Product D,4,116.08
ORD-1192,2024-01-05 19:52:00,Product D,4,342.61
ORD-1193,2024-01-16 03:00:00,Product A,4,59.53
ORD-1194,2024-01-30 21:49:00,Product C,5,266.4
ORD-1195,2024-01-25 06:11:00,Product A,3,148.48
ORD-1196,2024-01-20 12:47:00,Product C,1,27.87
ORD-1197,2024-01-18 16:12:00,Product B,2,374.63
ORD-1198,2024-01-09 16:53:00,Product C,4,375.51
ORD-1199,2024-01-29 13:14:00,Product A,4,79.68
ORD-1200,2024-01-27 02:20:00,Product C,2,236.11
ORD-1201,2024-01-26 14:55:00,Product A,3,344.44
ORD-1202,2024-01-20 11:51:00,Product A,4,276.4
ORD-1203,2024-01-30 08:26:00,Product C,5,79.71
ORD-1204,2024-01-23 17:07:00,Product B,4,443.23
ORD-1205,2024-01-18 02:16:00,Product D,4,188.61
ORD-1206,2024-01-21 14:00:00,Product B,2,299.27
ORD-1207,2024-01-21 02:06:00,Product C,2,442.05
ORD-1208,2024-01-17 01:52:00,Product C,4,66.11
ORD-1209,2024-01-06 01:56:00,Product B,3,463.21
ORD-1210,2024-01-27 00:58:00,Product B,2,450.69
ORD-1211,2024-01-14 08:33:00,Product A,2,457.74
ORD-1212,2024-01-08 11:58:00,Product D,4,378.43
ORD-1213,2024-01-02 13:44:00,Product D,5,200.42
ORD-1214,2024-01-23 02:12:00,Product C,1,203.16
ORD-1215,2024-01-12 21:23:00,Product B,5,238.56
ORD-1216,2024-01-01 11:16:00,Product A,4,144.29
ORD-1217,2024-01-27 16:53:00,Product A,5,284.76
ORD-1218,2024-01-06 04:31:00,Product A,1,210.22
ORD-1219,2024-01-02 17:55:00,Product C,5,497.52
ORD-1220,2024-01-12 17:37:00,Product A,3,240.54
ORD-1221,2024-01-29 01:13:00,Product D,3,300.45
ORD-1222,2024-01-31 02:04:00,Product D,5,162.58
ORD-1223,2024-01-05 07:21:00,Product A,2,313.49
ORD-1224,2024-01-02 06:32:00,Product A,1,67.5
ORD-1225,2024-01-29 12:53:00,Product A,3,462.51
ORD-1226,2024-01-30 08:23:00,Product C,4,167.23
ORD-1227,2024-01-11 10:53:00,Product B,5,442.69
ORD-1228,2024-01-23 16:34:00,Product A,5,456.43
ORD-1229,2024-01-15 09:12:00,Product C,2,280.08
ORD-1230,2024-01-30 09:12:00,Product B,3,142.19
ORD-1231,2024-01-22 15:14:00,Product D,1,49.87
ORD-1232,2024-01-22 18:25:00,Product C,5,76.86
ORD-1233,2024-01-30 13:13:00,Product A,2,109.98
ORD-1234,2024-01-28 19:45:00,Product C,1,385.03
ORD-1235,2024-01-15 05:42:00,Product C,1,126.08
ORD-1236,2024-01-17 12:08:00,Product D,4,277.94
ORD-1237,2024-01-19 01:04:00,Product B,3,97.12
ORD-1238,2024-01-31 22:20:00,Product A,2,430.51
ORD-1239,2024-01-07 21:37:00,Product D,3,272.37
ORD-1240,2024-01-13 21:49:00,Product C,3,232.52
ORD-1241,2024-01-11 12:41:00,Product C,4,495.78
ORD-1242,2024-01-26 08:07:00,Product D,5,190.27
ORD-1243,2024-01-25 00:29:00,Product D,3,462.21
ORD-1244,2024-01-15 05:51:00,Product D,2,364.37
ORD-1245,2024-01-08 03:02:00,Product D,1,111.83
ORD-1246,2024-01-04 23:26:00,Product C,2,120.35
ORD-1247,2024-01-04 05:38:00,Product D,4,496.52
ORD-1248,2024-01-07 04:26:00,Product B,4,312.76
ORD-1249,2024-01-13 04:13:00,Product C,5,306.03
ORD-1250,2024-01-17 04:39:00,Product C,1,70.81
ORD-1251,2024-01-06 06:34:00,Product B,1,325.2
ORD-1252,2024-01-15 07:49:00,Product C,5,248.38
ORD-1253,2024-01-02 07:31:00,Product A,4,175.02
ORD-1254,2024-01-02 09:48:00,Product A,1,441.81
ORD-1255,2024-01-31 22:08:00,Product D,4,20.84
ORD-1256,2024-01-24 09:04:00,Product A,1,499.63
ORD-1257,2024-01-19 23:17:00,Product C,5,471.09
ORD-1258,2024-01-16 22:22:00,Product C,5,300.29
ORD-1259,2024-01-26 00:48:00,Product A,5,379.04
ORD-1260,2024-01-19 05:23:00,Product A,2,78.82
ORD-1261,2024-01-03 09:57:00,Product D,4,296.31
ORD-1262,2024-01-21 08:28:00,Product A,2,44.41
ORD-1263,2024-01-15 13:43:00,Product C,2,301.12
ORD-1264,2024-01-12 14:23:00,Product C,2,59.1
ORD-1265,2024-01-28 11:15:00,Product B,5,98.0
ORD-1266,2024-01-31 14:32:00,Product D,3,477.11
ORD-1267,2024-01-28 16:22:00,Product D,5,342.74
ORD-1268,2024-01-08 01:57:00,Product C,2,122.58
ORD-1269,2024-01-06 12:17:00,Product D,5,236.95
ORD-1270,2024-01-17 12:03:00,Product B,1,294.12
ORD-1271,2024-01-17 09:37:00,Product D,1,265.96
ORD-1272,2024-01-13 21:05:00,Product D,3,122.03
ORD-1273,2024-01-29 09:48:00,Product C,1,238.9
ORD-1274,2024-01-08 08:46:00,Product A,2,178.61
ORD-1275,2024-01-25 04:16:00,Product C,1,183.2
ORD-1276,2024-01-29 15:51:00,Product C,1,391.6
ORD-1277,2024-01-27 17:45:00,Product A,3,209.64
ORD-1278,2024-01-20 15:07:00,Product B,2,358.03
ORD-1279,2024-01-08 18:56:00,Product A,4,203.99
ORD-1280,2024-01-12 23:18:00,Product B,3,252.42
ORD-1281,2024-01-28 07:16:00,Product A,3,86.51
ORD-1282,2024-01-03 04:00:00,Product A,5,156.49
ORD-1283,2024-01-02 05:51:00,Product D,5,33.86
ORD-1284,2024-01-27 04:14:00,Product B,5,112.92
ORD-1285,2024-01-13 10:41:00,Product C,4,400.73
ORD-1286,2024-01-22 22:19:00,Product A,1,409.63
ORD-1287,2024-01-04 05:36:00,Product D,3,330.42
ORD-1288,2024-01-16 06:02:00,Product C,5,315.31
ORD-1289,2024-01-10 10:50:00,Product A,2,453.8
ORD-1290,2024-01-12 05:26:00,Product A,5,456.9
ORD-1291,2024-01-22 17:01:00,Product A,4,87.04
ORD-1292,2024-01-15 17:53:00,Product A,5,442.54
ORD-1293,2024-01-21 19:13:00,Product B,5,234.19
ORD-1294,2024-01-02 07:57:00,Product C,4,286.85
ORD-1295,2024-01-12 16:03:00,Product D,4,190.8
ORD-1296,2024-01-26 14:11:00,Product B,4,211.82
ORD-1297,2024-01-22 12:01:00,Product B,1,427.93
ORD-1298,2024-01-01 04:43:00,Product A,2,462.82
ORD-1299,2024-01-31 10:11:00,Product B,2,327.91
ORD-1300,2024-01-19 04:00:00,Product D,5,389.85
ORD-1301,2024-01-08 05:03:00,Product C,1,75.64
ORD-1302,2024-01-14 22:24:00,Product A,4,68.56
ORD-1303,2024-01-15 16:00:00,Product B,3,136.0
ORD-1304,2024-01-29 08:57:00,Product C,5,135.75
ORD-1305,2024-01-18 23:38:00,Product B,2,328.21
ORD-1306,2024-01-17 03:13:00,Product B,4,441.26
ORD-1307,2024-01-14 02:34:00,Product A,5,204.25
ORD-1308,2024-01-07 17:30:00,Product C,4,137.24
ORD-1309,2024-01-07 07:29:00,Product B,1,169.91
ORD-1310,2024-01-03 20:41:00,Product D,2,468.24
ORD-1311,2024-01-01 16:24:00,Product B,3,350.08
ORD-1312,2024-01-15 11:31:00,Product B,5,157.88
ORD-1313,2024-01-03 06:04:00,Product B,4,481.13
ORD-1314,2024-01-26 19:43:00,Product C,4,454.22
ORD-1315,2024-01-20 09:32:00,Product D,3,126.77
ORD-1316,2024-01-07 16:06:00,Product D,5,97.8
ORD-1317,2024-01-20 13:24:00,Product C,2,115.83
ORD-1318,2024-01-07 18:54:00,Product C,3,444.27
ORD-1319,2024-01-15 01:58:00,Product B,5,155.74
ORD-1320,2024-01-08 11:27:00,Product D,1,393.85
ORD-1321,2024-01-10 10:45:00,Product A,4,361.53
ORD-1322,2024-01-07 11:22:00,Product B,5,174.73
ORD-1323,2024-01-17 19:34:00,Product A,4,49.58
ORD-1324,2024-01-27 21:58:00,Product B,2,219.97
ORD-1325,2024-01-30 03:59:00,Product B,5,208.02
ORD-1326,2024-01-26 16:54:00,Product C,2,389.72
ORD-1327,2024-01-17 09:26:00,Product A,5,337.75
ORD-1328,2024-01-21 08:12:00,Product C,4,98.69
ORD-1329,2024-01-31 04:19:00,Product B,1,148.62
ORD-1330,2024-01-10 07:50:00,Product B,3,56.5
ORD-1331,2024-01-24 21:14:00,Product D,4,174.19
ORD-1332,2024-01-21 01:22:00,Product D,1,83.97
ORD-1333,2024-01-28 19:00:00,Product A,4,178.73
ORD-1334,2024-01-13 15:17:00,Product B,4,290.75
ORD-1335,2024-01-05 12:35:00,Product B,5,408.43
ORD-1336,2024-01-05 10:48:00,Product B,1,436.49
ORD-1337,2024-01-23 09:27:00,Product B,4,146.61
ORD-1338,2024-01-15 23:03:00,Product B,4,105.81
ORD-1339,2024-01-23 18:22:00,Product A,2,461.11
ORD-1340,2024-01-20 22:29:00,Product A,1,103.94
ORD-1341,2024-01-31 13:46:00,Product C,2,482.86
ORD-1342,2024-01-14 02:27:00,Product B,4,169.01
ORD-1343,2024-01-09 22:18:00,Product B,5,388.23
ORD-1344,2024-01-05 19:08:00,Product A,4,306.98
ORD-1345,2024-01-17 06:34:00,Product A,1,284.5
ORD-1346,2024-01-03 05:11:00,Product D,1,259.28
ORD-1347,2024-01-31 21:05:00,Product D,4,400.22
ORD-1348,2024-01-03 11:59:00,Product D,2,38.01
ORD-1349,2024-01-22 06:36:00,Product C,2,110.18
ORD-1350,2024-01-01 09:49:00,Product C,2,415.81
ORD-1351,2024-01-25 07:40:00,Product D,5,64.13
ORD-1352,2024-01-13 13:13:00,Product C,1,364.36
ORD-1353,2024-01-13 20:55:00,Product B,2,295.98
ORD-1354,2024-01-26 03:27:00,Product D,4,448.58
ORD-1355,2024-01-29 04:05:00,Product C,2,443.02
ORD-1356,2024-01-20 17:09:00,Product B,4,431.16
ORD-1357,2024-01-16 04:25:00,Product C,3,87.42
ORD-1358,2024-01-29 21:02:00,Product D,4,344.45
ORD-1359,2024-01-26 22:49:00,Product B,3,291.15
ORD-1360,2024-01-07 09:14:00,Product D,3,453.42
ORD-1361,2024-01-22 11:59:00,Product B,1,334.24
ORD-1362,2024-01-29 23:28:00,Product A,3,218.2
ORD-1363,2024-01-03 20:41:00,Product A,5,324.07
ORD-1364,2024-01-16 16:13:00,Product B,1,206.26
ORD-1365,2024-01-08 04:21:00,Product B,3,111.6
ORD-1366,2024-01-03 04:03:00,Product B,2,239.05
ORD-1367,2024-01-15 18:52:00,Product C,4,281.77
ORD-1368,2024-01-17 04:16:00,Product C,2,472.77
ORD-1369,2024-01-15 06:33:00,Product C,4,118.46
ORD-1370,2024-01-13 20:34:00,Product D,5,158.01
ORD-1371,2024-01-30 21:08:00,Product C,2,294.82
ORD-1372,2024-01-24 21:25:00,Product C,3,261.81
ORD-1373,2024-01-10 07:13:00,Product A,5,281.39
ORD-1374,2024-01-17 21:04:00,Product D,4,193.98
ORD-1375,2024-01-03 02:19:00,Product B,3,454.42
ORD-1376,2024-01-29 01:14:00,Product B,5,76.84
ORD-1377,2024-01-09 18:04:00,Product B,2,57.24
ORD-1378,2024-01-17 08:21:00,Product C,1,86.37
ORD-1379,2024-01-05 10:41:00,Product C,1,26.71
ORD-1380,2024-01-28 01:26:00,Product B,3,120.38
ORD-1381,2024-01-10 01:42:00,Product B,5,426.11
ORD-1382,2024-01-22 18:20:00,Product A,5,471.33
ORD-1383,2024-01-19 20:04:00,Product B,5,287.75
ORD-1384,2024-01-03 11:09:00,Product D,2,226.35
ORD-1385,2024-01-19 14:51:00,Product A,4,216.1
ORD-1386,2024-01-07 03:19:00,Product C,1,480.92
ORD-1387,2024-01-05 10:43:00,Product A,1,236.82
ORD-1388,2024-01-04 00:22:00,Product A,3,419.51
ORD-1389,2024-01-26 20:54:00,Product B,1,102.75
ORD-1390,2024-01-07 00:04:00,Product C,2,180.89
ORD-1391,2024-01-07 06:44:00,Product B,4,183.75
ORD-1392,2024-01-03 02:17:00,Product C,1,185.85
ORD-1393,2024-01-15 07:38:00,Product D,5,186.3
ORD-1394,2024-01-18 19:44:00,Product C,3,79.5
ORD-1395,2024-01-13 04:01:00,Product D,1,84.65
ORD-1396,2024-01-28 20:24:00,Product D,2,142.89
ORD-1397,2024-01-19 09:05:00,Product C,5,259.87
ORD-1398,2024-01-13 12:07:00,Product A,5,61.7
ORD-1399,2024-01-19 17:47:00,Product A,4,257.34
ORD-1400,2024-01-05 11:21:00,Product C,5,42.53
ORD-1401,2024-01-28 01:49:00,Product B,1,264.03
ORD-1402,2024-01-24 05:15:00,Product A,1,197.33
ORD-1403,2024-01-19 20:31:00,Product C,3,30.97
ORD-1404,2024-01-17 18:03:00,Product B,3,210.33
ORD-1405,2024-01-08 08:18:00,Product A,1,248.82
ORD-1406,2024-01-17 00:43:00,Product A,3,236.36
ORD-1407,2024-01-27 19:55:00,Product B,3,331.94
ORD-1408,2024-01-13 00:36:00,Product C,2,316.27
ORD-1409,2024-01-14 02:51:00,Product A,1,257.61
ORD-1410,2024-01-06 14:05:00,Product D,3,72.82
ORD-1411,2024-01-05 23:56:00,Product D,1,239.01
ORD-1412,2024-01-10 05:55:00,Product B,2,291.98
ORD-1413,2024-01-23 13:48:00,Product B,4,39.21
ORD-1414,2024-01-01 08:19:00,Product C,4,476.7
ORD-1415,2024-01-30 00:21:00,Product B,3,274.87
ORD-1416,2024-01-11 02:58:00,Product D,2,352.4
ORD-1417,2024-01-02 08:16:00,Product C,3,110.31
ORD-1418,2024-01-03 12:47:00,Product A,1,397.46
ORD-1419,2024-01-16 15:57:00,Product D,4,237.42
ORD-1420,2024-01-09 15:57:00,Product C,2,464.33
ORD-1421,2024-01-30 05:36:00,Product A,5,405.46
ORD-1422,2024-01-23 11:56:00,Product D,2,308.94
ORD-1423,2024-01-26 07:06:00,Product D,2,481.02
ORD-1424,2024-01-08 04:41:00,Product C,4,436.36
ORD-1425,2024-01-26 10:34:00,Product D,1,207.74
ORD-1426,2024-01-25 02:15:00,Product D,3,201.7
ORD-1427,2024-01-04 20:27:00,Product C,4,140.24
ORD-1428,2024-01-24 06:04:00,Product A,5,60.33
ORD-1429,2024-01-04 19:34:00,Product C,4,162.54
ORD-1430,2024-01-21 21:01:00,Product B,4,116.56
ORD-1431,2024-01-12 22:44:00,Product D,2,494.03
ORD-1432,2024-01-26 09:00:00,Product A,1,474.46
ORD-1433,2024-01-28 06:54:00,Product C,4,133.49
ORD-1434,2024-01-12 01:11:00,Product D,2,50.91
ORD-1435,2024-01-03 20:42:00,Product B,4,130.5
ORD-1436,2024-01-21 18:41:00,Product D,4,383.44
ORD-1437,2024-01-13 10:30:00,Product B,1,354.55
ORD-1438,2024-01-08 19:22:00,Product B,4,419.42
ORD-1439,2024-01-15 04:30:00,Product C,5,361.81
ORD-1440,2024-01-08 14:04:00,Product B,2,475.34
ORD-1441,2024-01-18 06:45:00,Product A,2,399.56
ORD-1442,2024-01-10 03:03:00,Product B,2,319.99
ORD-1443,2024-01-13 13:02:00,Product B,3,208.4
ORD-1444,2024-01-06 02:29:00,Product B,3,217.57
ORD-1445,2024-01-03 23:15:00,Product C,1,74.4
ORD-1446,2024-01-06 06:17:00,Product A,1,450.25
ORD-1447,2024-01-27 13:20:00,Product B,4,385.09
ORD-1448,2024-01-30 06:41:00,Product D,2,105.19
ORD-1449,2024-01-10 19:32:00,Product D,5,124.47
ORD-1450,2024-01-11 08:50:00,Product B,5,20.94
ORD-1451,2024-01-23 17:55:00,Product C,2,344.62
ORD-1452,2024-01-10 00:04:00,Product A,4,25.29
ORD-1453,2024-01-13 07:13:00,Product A,4,458.68
ORD-1454,2024-01-15 15:53:00,Product A,5,374.09
ORD-1455,2024-01-21 00:19:00,Product A,1,49.41
ORD-1456,2024-01-25 14:44:00,Product D,4,218.29
ORD-1457,2024-01-05 02:22:00,Product D,2,239.26
ORD-1458,2024-01-11 02:55:00,Product A,1,27.2
ORD-1459,2024-01-13 15:05:00,Product A,4,91.41
ORD-1460,2024-01-29 13:23:00,Product D,1,41.75
ORD-1461,2024-01-08 19:46:00,Product B,4,25.1
ORD-1462,2024-01-02 14:20:00,Product D,5,185.78
ORD-1463,2024-01-11 15:19:00,Product C,2,219.04
ORD-1464,2024-01-20 11:49:00,Product A,5,179.99
ORD-1465,2024-01-03 06:35:00,Product C,5,201.55
ORD-1466,2024-01-23 05:33:00,Product A,3,65.0
ORD-1467,2024-01-30 23:42:00,Product B,4,139.81
ORD-1468,2024-01-14 09:04:00,Product A,3,131.97
ORD-1469,2024-01-28 11:40:00,Product B,2,45.48
ORD-1470,2024-01-01 08:02:00,Product A,4,495.45
ORD-1471,2024-01-06 04:05:00,Product A,2,103.32
ORD-1472,2024-01-19 13:43:00,Product C,3,45.3
ORD-1473,2024-01-02 17:41:00,Product A,3,494.66
ORD-1474,2024-01-07 14:44:00,Product A,5,494.15
ORD-1475,2024-01-23 07:53:00,Product B,3,280.7
ORD-1476,2024-01-05 13:03:00,Product C,3,279.87
ORD-1477,2024-01-19 02:58:00,Product C,3,114.71
ORD-1478,2024-01-13 04:49:00,Product B,1,359.53
ORD-1479,2024-01-02 00:42:00,Product D,3,58.87
ORD-1480,2024-01-18 13:07:00,Product C,3,37.81
ORD-1481,2024-01-11 05:42:00,Product A,4,323.24
ORD-1482,2024-01-08 20:37:00,Product B,2,290.49
ORD-1483,2024-01-31 00:17:00,Product B,2,122.72
ORD-1484,2024-01-27 08:08:00,Product A,2,174.71
ORD-1485,2024-01-27 02:36:00,Product D,3,102.02
ORD-1486,2024-01-18 22:56:00,Product D,1,304.88
ORD-1487,2024-01-22 03:07:00,Product A,5,221.49
ORD-1488,2024-01-10 18:30:00,Product D,2,267.2
ORD-1489,2024-01-19 15:15:00,Product A,1,304.56
ORD-1490,2024-01-09 22:07:00,Product C,5,174.05
ORD-1491,2024-01-07 02:12:00,Product D,4,243.8
ORD-1492,2024-01-02 11:17:00,Product B,4,462.06
ORD-1493,2024-01-27 08:31:00,Product B,2,129.97
ORD-1494,2024-01-06 04:17:00,Product B,2,335.26
ORD-1495,2024-01-15 06:52:00,Product A,1,93.75
ORD-1496,2024-01-29 05:05:00,Product D,2,126.95
ORD-1497,2024-01-29 23:45:00,Product C,2,138.26
ORD-1498,2024-01-13 09:30:00,Product C,4,341.71
ORD-1499,2024-01-25 22:07:00,Product B,5,257.05
ORD-1500,2024-01-10 02:42:00,Product B,3,182.54
ORD-1501,2024-01-26 01:48:00,Product A,2,309.08
ORD-1502,2024-01-13 23:41:00,Product B,1,80.16
ORD-1503,2024-01-03 20:07:00,Product B,3,30.07
ORD-1504,2024-01-24 22:31:00,Product A,4,97.38
ORD-1505,2024-01-08 05:02:00,Product D,5,167.53
ORD-1506,2024-01-10 21:39:00,Product C,4,349.68
ORD-1507,2024-01-31 05:04:00,Product C,2,36.11
ORD-1508,2024-01-30 16:03:00,Product B,1,198.64
ORD-1509,2024-01-08 23:51:00,Product A,2,281.77
ORD-1510,2024-01-12 16:42:00,Product A,3,315.33
ORD-1511,2024-01-14 16:29:00,Product B,5,407.38
ORD-1512,2024-01-05 06:02:00,Product B,1,329.8
ORD-1513,2024-01-28 18:17:00,Product A,2,394.41
ORD-1514,2024-01-25 12:27:00,Product C,4,118.57
ORD-1515,2024-01-04 19:05:00,Product A,5,440.23
ORD-1516,2024-01-08 19:30:00,Product C,5,134.87
ORD-1517,2024-01-11 16:52:00,Product B,2,125.64
ORD-1518,2024-01-08 09:45:00,Product D,3,249.85
ORD-1519,2024-01-25 12:44:00,Product D,4,45.52
ORD-1520,2024-01-25 06:43:00,Product C,2,113.68
ORD-1521,2024-01-14 16:53:00,Product B,3,488.19
ORD-1522,2024-01-26 23:51:00,Product B,1,469.77
ORD-1523,2024-01-06 00:25:00,Product A,4,316.19
ORD-1524,2024-01-23 05:43:00,Product D,1,380.81
ORD-1525,2024-01-19 19:22:00,Product D,4,100.04
ORD-1526,2024-01-04 16:24:00,Product B,4,424.28
ORD-1527,2024-01-10 14:53:00,Product B,4,94.07
ORD-1528,2024-01-14 14:18:00,Product D,2,211.1
ORD-1529,2024-01-31 23:50:00,Product C,4,177.6
ORD-1530,2024-01-12 11:32:00,Product B,1,325.66
ORD-1531,2024-01-03 20:48:00,Product B,3,60.42
ORD-1532,2024-01-30 21:45:00,Product D,4,356.62
ORD-1533,2024-01-14 08:48:00,Product C,4,410.72
ORD-1534,2024-01-30 12:19:00,Product A,1,391.35
ORD-1535,2024-01-12 13:39:00,Product C,4,85.81
ORD-1536,2024-01-08 08:05:00,Product A,3,466.89
ORD-1537,2024-01-18 13:26:00,Product B,3,368.29
ORD-1538,2024-01-28 01:06:00,Product C,3,186.7
ORD-1539,2024-01-16 01:06:00,Product C,5,492.4
ORD-1540,2024-01-07 11:46:00,Product A,5,455.07
ORD-1541,2024-01-16 23:22:00,Product A,3,56.55
ORD-1542,2024-01-17 23:03:00,Product A,4,222.94
ORD-1543,2024-01-01 09:41:00,Product C,2,167.06
ORD-1544,2024-01-22 16:15:00,Product C,4,225.82
ORD-1545,2024-01-03 02:13:00,Product B,5,447.61
ORD-1546,2024-01-13 01:22:00,Product C,1,421.08
ORD-1547,2024-01-09 18:01:00,Product C,2,285.75
ORD-1548,2024-01-22 18:21:00,Product B,5,320.6
ORD-1549,2024-01-10 09:54:00,Product C,1,357.27
ORD-1550,2024-01-18 00:20:00,Product A,4,269.51
ORD-1551,2024-01-15 05:38:00,Product B,3,110.1
ORD-1552,2024-01-15 06:53:00,Product A,1,495.84
ORD-1553,2024-01-01 11:06:00,Product C,1,83.48
ORD-1554,2024-01-12 08:53:00,Product B,2,156.7
ORD-1555,2024-01-23 22:32:00,Product C,5,241.19
ORD-1556,2024-01-12 06:24:00,Product D,1,359.5
ORD-1557,2024-01-28 06:49:00,Product B,4,331.71
ORD-1558,2024-01-10 14:45:00,Product D,4,326.75
ORD-1559,2024-01-13 08:30:00,Product A,1,444.66
ORD-1560,2024-01-20 06:38:00,Product C,1,275.95
ORD-1561,2024-01-07 05:55:00,Product C,4,406.26
ORD-1562,2024-01-14 21:11:00,Product B,2,333.63
ORD-1563,2024-01-15 04:02:00,Product A,5,231.57
ORD-1564,2024-01-07 04:42:00,Product A,5,39.19
ORD-1565,2024-01-01 20:26:00,Product A,4,482.48
ORD-1566,2024-01-25 01:07:00,Product D,3,23.55
ORD-1567,2024-01-21 11:07:00,Product A,1,242.46
ORD-1568,2024-01-25 13:16:00,Product B,1,39.42
ORD-1569,2024-01-06 12:26:00,Product A,1,488.84
ORD-1570,2024-01-14 11:14:00,Product C,3,334.11
ORD-1571,2024-01-05 04:45:00,Product C,2,458.96
ORD-1572,2024-01-05 14:55:00,Product D,5,292.17
ORD-1573,2024-01-27 00:29:00,Product B,1,384.41
ORD-1574,2024-01-28 21:25:00,Product C,2,345.97
ORD-1575,2024-01-28 08:04:00,Product D,4,407.13
ORD-1576,2024-01-20 01:19:00,Product D,5,78.77
ORD-1577,2024-01-06 05:52:00,Product B,5,285.17
ORD-1578,2024-01-11 15:03:00,Product D,5,145.72
ORD-1579,2024-01-23 06:10:00,Product A,5,343.44
ORD-1580,2024-01-08 11:48:00,Product B,1,43.64
ORD-1581,2024-01-29 06:28:00,Product A,4,454.83
ORD-1582,2024-01-09 00:12:00,Product C,2,94.52
ORD-1583,2024-01-28 23:43:00,Product B,4,99.57
ORD-1584,2024-01-03 23:10:00,Product A,3,206.3
ORD-1585,2024-01-05 14:03:00,Product A,1,70.6
ORD-1586,2024-01-27 02:06:00,Product D,5,137.66
ORD-1587,2024-01-11 12:57:00,Product B,3,355.94
ORD-1588,2024-01-22 05:57:00,Product C,1,154.85
ORD-1589,2024-01-31 00:54:00,Product B,5,248.22
ORD-1590,2024-01-17 00:04:00,Product C,5,303.46
ORD-1591,2024-01-20 18:13:00,Product A,1,178.25
ORD-1592,2024-01-22 09:35:00,Product C,3,175.42
ORD-1593,2024-01-08 21:00:00,Product B,3,248.05
ORD-1594,2024-01-04 18:31:00,Product A,5,331.72
ORD-1595,2024-01-09 02:27:00,Product B,4,343.86
ORD-1596,2024-01-11 08:35:00,Product C,5,174.94
ORD-1597,2024-01-09 23:33:00,Product C,3,132.7
ORD-1598,2024-01-12 10:40:00,Product C,4,244.47
ORD-1599,2024-01-13 17:02:00,Product D,2,306.66
ORD-1600,2024-01-05 21:16:00,Product B,4,192.11
ORD-1601,2024-01-15 05:08:00,Product D,5,187.45
ORD-1602,2024-01-02 22:09:00,Product D,4,338.19
ORD-1603,2024-01-27 05:57:00,Product B,4,446.14
ORD-1604,2024-01-11 15:19:00,Product C,3,218.16
ORD-1605,2024-01-04 10:59:00,Product C,5,107.8
ORD-1606,2024-01-29 00:23:00,Product B,2,247.45
ORD-1607,2024-01-04 01:29:00,Product B,3,110.52
ORD-1608,2024-01-23 16:34:00,Product C,2,189.53
ORD-1609,2024-01-30 03:53:00,Product C,2,105.05
ORD-1610,2024-01-12 23:19:00,Product B,2,222.09
ORD-1611,2024-01-11 03:11:00,Product C,1,472.94
ORD-1612,2024-01-26 14:01:00,Product A,2,334.67
ORD-1613,2024-01-08 18:04:00,Product B,2,464.87
ORD-1614,2024-01-29 00:38:00,Product D,1,47.81
ORD-1615,2024-01-07 12:35:00,Product B,2,113.15
ORD-1616,2024-01-04 19:37:00,Product A,4,400.49
ORD-1617,2024-01-07 14:06:00,Product B,2,397.75
ORD-1618,2024-01-13 09:01:00,Product A,4,379.49
ORD-1619,2024-01-24 02:40:00,Product C,5,89.87
ORD-1620,2024-01-30 22:49:00,Product C,4,447.7
ORD-1621,2024-01-08 05:32:00,Product C,3,180.37
ORD-1622,2024-01-05 03:59:00,Product B,1,260.91
ORD-1623,2024-01-02 13:21:00,Product A,4,419.91
ORD-1624,2024-01-02 22:30:00,Product D,5,32.57
ORD-1625,2024-01-23 23:32:00,Product A,1,397.25
ORD-1626,2024-01-19 07:00:00,Product D,4,423.86
ORD-1627,2024-01-21 11:41:00,Product D,2,115.2
ORD-1628,2024-01-31 23:32:00,Product A,4,376.12
ORD-1629,2024-01-16 19:16:00,Product B,5,58.01
ORD-1630,2024-01-22 22:03:00,Product B,1,410.89
ORD-1631,2024-01-11 09:25:00,Product D,1,290.96
ORD-1632,2024-01-29 10:50:00,Product B,5,490.89
ORD-1633,2024-01-22 05:17:00,Product D,4,144.68
ORD-1634,2024-01-16 23:36:00,Product C,1,498.17
ORD-1635,2024-01-12 06:23:00,Product B,4,431.18
ORD-1636,2024-01-16 11:52:00,Product A,2,355.91
ORD-1637,2024-01-25 17:08:00,Product C,3,381.61
ORD-1638,2024-01-27 23:50:00,Product A,3,302.37
ORD-1639,2024-01-02 13:18:00,Product B,2,472.98
ORD-1640,2024-01-27 18:25:00,Product C,4,179.3
ORD-1641,2024-01-13 04:56:00,Product D,4,262.43
ORD-1642,2024-01-22 16:02:00,Product A,5,48.01
ORD-1643,2024-01-25 19:24:00,Product B,5,144.52
ORD-1644,2024-01-03 17:11:00,Product C,2,374.73
ORD-1645,2024-01-10 00:42:00,Product B,2,163.34
ORD-1646,2024-01-20 02:54:00,Product A,1,194.78
ORD-1647,2024-01-11 22:42:00,Product C,5,73.65
ORD-1648,2024-01-22 22:41:00,Product C,1,378.25
ORD-1649,2024-01-22 19:05:00,Product D,1,287.3
ORD-1650,2024-01-11 21:08:00,Product C,3,346.22
ORD-1651,2024-01-25 09:49:00,Product D,2,408.69
ORD-1652,2024-01-23 09:08:00,Product C,1,271.96
ORD-1653,2024-01-18 12:06:00,Product A,3,370.97
ORD-1654,2024-01-20 13:26:00,Product D,4,422.89
ORD-1655,2024-01-01 07:38:00,Product C,5,275.54
ORD-1656,2024-01-02 07:11:00,Product B,4,88.79
ORD-1657,2024-01-23 08:43:00,Product B,5,217.64
ORD-1658,2024-01-07 21:25:00,Product D,3,205.43
ORD-1659,2024-01-17 15:56:00,Product B,4,62.06
ORD-1660,2024-01-31 10:44:00,Product D,1,328.24
ORD-1661,2024-01-28 09:58:00,Product A,4,71.21
ORD-1662,2024-01-12 16:05:00,Product C,5,372.88
ORD-1663,2024-01-14 14:47:00,Product A,1,380.24
ORD-1664,2024-01-22 11:32:00,Product A,3,93.41
ORD-1665,2024-01-05 14:00:00,Product B,2,150.99
ORD-1666,2024-01-05 13:34:00,Product C,2,420.07
ORD-1667,2024-01-24 08:42:00,Product C,5,179.38
ORD-1668,2024-01-02 14:05:00,Product D,3,310.91
ORD-1669,2024-01-23 17:24:00,Product B,1,186.44
ORD-1670,2024-01-03 02:11:00,Product A,2,182.56
ORD-1671,2024-01-14 06:32:00,Product C,2,199.49
ORD-1672,2024-01-03 16:42:00,Product A,2,320.97
ORD-1673,2024-01-19 02:57:00,Product C,5,68.65
ORD-1674,2024-01-04 17:38:00,Product B,1,231.05
ORD-1675,2024-01-29 11:58:00,Product B,5,118.52
ORD-1676,2024-01-22 11:56:00,Product D,4,103.54
ORD-1677,2024-01-06 17:29:00,Product B,2,469.81
ORD-1678,2024-01-21 16:41:00,Product B,1,167.0
ORD-1679,2024-01-16 18:23:00,Product B,5,208.42
ORD-1680,2024-01-28 09:27:00,Product B,4,228.95
ORD-1681,2024-01-19 18:56:00,Product B,2,388.12
ORD-1682,2024-01-25 02:48:00,Product D,4,376.65
ORD-1683,2024-01-24 12:30:00,Product A,2,169.57
ORD-1684,2024-01-24 14:19:00,Product A,2,368.44
ORD-1685,2024-01-15 14:37:00,Product C,1,44.04
ORD-1686,2024-01-14 02:47:00,Product D,1,152.53
ORD-1687,2024-01-08 05:13:00,Product A,4,260.85
ORD-1688,2024-01-01 19:52:00,Product C,1,53.16
ORD-1689,2024-01-30 20:01:00,Product A,5,217.16
ORD-1690,2024-01-01 20:14:00,Product C,3,390.44
ORD-1691,2024-01-10 23:59:00,Product C,4,348.89
ORD-1692,2024-01-15 02:44:00,Product A,4,301.61
ORD-1693,2024-01-25 16:47:00,Product A,3,156.66
ORD-1694,2024-01-21 12:45:00,Product B,5,475.61
ORD-1695,2024-01-11 14:42:00,Product A,5,462.31
ORD-1696,2024-01-13 21:00:00,Product B,3,469.22
ORD-1697,2024-01-14 16:54:00,Product D,3,339.49
ORD-1698,2024-01-19 04:00:00,Product D,1,421.29
ORD-1699,2024-01-09 10:18:00,Product D,5,476.16
ORD-1700,2024-01-27 14:29:00,Product C,2,491.91
ORD-1701,2024-01-10 15:56:00,Product C,1,254.8
ORD-1702,2024-01-18 23:36:00,Product A,3,118.27
ORD-1703,2024-01-26 15:33:00,Product A,2,197.79
ORD-1704,2024-01-16 06:49:00,Product A,4,315.85
ORD-1705,2024-01-26 00:14:00,Product C,5,403.26
ORD-1706,2024-01-11 16:34:00,Product A,4,430.33
ORD-1707,2024-01-12 20:37:00,Product B,4,193.73
ORD-1708,2024-01-29 02:46:00,Product D,5,194.19
ORD-1709,2024-01-31 22:03:00,Product A,3,352.51
ORD-1710,2024-01-02 20:56:00,Product D,4,180.56
ORD-1711,2024-01-18 04:19:00,Product C,4,160.44
ORD-1712,2024-01-28 14:38:00,Product C,5,469.53
ORD-1713,2024-01-27 12:15:00,Product C,1,187.14
ORD-1714,2024-01-27 21:43:00,Product B,4,177.24
ORD-1715,2024-01-20 18:50:00,Product A,4,170.57
ORD-1716,2024-01-25 08:42:00,Product D,5,492.6
ORD-1717,2024-01-08 01:25:00,Product C,5,466.81
ORD-1718,2024-01-16 07:00:00,Product D,1,255.36
ORD-1719,2024-01-21 16:31:00,Product C,1,262.8
ORD-1720,2024-01-25 22:56:00,Product A,4,90.75
ORD-1721,2024-01-14 13:25:00,Product A,4,183.78
ORD-1722,2024-01-10 23:36:00,Product A,2,308.22
ORD-1723,2024-01-21 16:32:00,Product A,3,264.84
ORD-1724,2024-01-13 05:40:00,Product C,4,303.49
ORD-1725,2024-01-11 17:44:00,Product B,1,353.46
ORD-1726,2024-01-04 00:39:00,Product C,2,120.67
ORD-1727,2024-01-06 21:20:00,Product C,1,479.97
ORD-1728,2024-01-14 23:33:00,Product A,3,383.59
ORD-1729,2024-01-27 09:22:00,Product D,4,476.89
ORD-1730,2024-01-04 13:20:00,Product C,3,427.31
ORD-1731,2024-01-14 00:09:00,Product D,3,280.03
ORD-1732,2024-01-31 02:45:00,Product C,2,198.39
ORD-1733,2024-01-27 04:02:00,Product C,5,462.84
ORD-1734,2024-01-16 00:32:00,Product A,2,403.75
ORD-1735,2024-01-12 00:03:00,Product D,1,121.5
ORD-1736,2024-01-10 23:52:00,Product B,3,96.3
ORD-1737,2024-01-29 12:10:00,Product D,4,262.11
ORD-1738,2024-01-30 19:54:00,Product A,4,337.74
ORD-1739,2024-01-14 20:00:00,Product B,5,78.24
ORD-1740,2024-01-21 23:12:00,Product C,4,215.28
ORD-1741,2024-01-03 20:55:00,Product D,1,335.5
ORD-1742,2024-01-31 19:10:00,Product A,2,106.24
ORD-1743,2024-01-29 02:59:00,Product A,5,111.15
ORD-1744,2024-01-02 05:56:00,Product B,1,114.97
ORD-1745,2024-01-28 12:23:00,Product C,4,192.54
ORD-1746,2024-01-08 11:18:00,Product D,3,449.15
ORD-1747,2024-01-24 16:17:00,Product D,2,71.88
ORD-1748,2024-01-27 06:22:00,Product B,2,488.2
ORD-1749,2024-01-30 00:43:00,Product D,5,407.67
ORD-1750,2024-01-28 22:04:00,Product C,4,390.84
ORD-1751,2024-01-05 07:47:00,Product D,2,426.18
ORD-1752,2024-01-18 14:41:00,Product D,4,299.09
ORD-1753,2024-01-02 11:26:00,Product A,2,464.83
ORD-1754,2024-01-29 23:27:00,Product A,4,68.88
ORD-1755,2024-01-12 14:50:00,Product C,3,445.48
ORD-1756,2024-01-13 12:19:00,Product A,5,375.35
ORD-1757,2024-01-26 07:00:00,Product B,1,398.79
ORD-1758,2024-01-05 11:52:00,Product D,3,385.22
ORD-1759,2024-01-16 18:19:00,Product B,5,190.27
ORD-1760,2024-01-26 03:42:00,Product A,5,432.82
ORD-1761,2024-01-06 13:37:00,Product C,1,104.38
ORD-1762,2024-01-05 12:45:00,Product B,3,377.13
ORD-1763,2024-01-17 16:07:00,Product C,3,427.84
ORD-1764,2024-01-17 03:35:00,Product B,4,231.33
ORD-1765,2024-01-31 10:28:00,Product A,2,68.02
ORD-1766,2024-01-03 23:23:00,Product C,2,294.77
ORD-1767,2024-01-20 19:02:00,Product C,5,165.04
ORD-1768,2024-01-14 05:31:00,Product A,3,326.47
ORD-1769,2024-01-27 23:00:00,Product D,3,41.22
ORD-1770,2024-01-18 19:05:00,Product C,4,295.01
ORD-1771,2024-01-07 11:53:00,Product B,1,301.9
ORD-1772,2024-01-26 06:29:00,Product B,4,121.9
ORD-1773,2024-01-20 07:57:00,Product D,2,179.61
ORD-1774,2024-01-14 11:57:00,Product C,5,44.26
ORD-1775,2024-01-22 10:22:00,Product D,4,376.85
ORD-1776,2024-01-28 04:50:00,Product C,4,80.93
ORD-1777,2024-01-16 17:02:00,Product D,4,272.4
ORD-1778,2024-01-28 09:08:00,Product C,4,293.63
ORD-1779,2024-01-23 14:20:00,Product B,3,493.91
ORD-1780,2024-01-31 11:20:00,Product B,5,437.77
ORD-1781,2024-01-02 06:56:00,Product A,3,204.54
ORD-1782,2024-01-19 01:49:00,Product D,1,138.88
ORD-1783,2024-01-08 14:15:00,Product A,5,148.69
ORD-1784,2024-01-15 07:19:00,Product D,4,323.34
ORD-1785,2024-01-18 09:46:00,Product D,3,26.78
ORD-1786,2024-01-09 05:02:00,Product A,2,58.36
ORD-1787,2024-01-04 03:07:00,Product C,1,196.08
ORD-1788,2024-01-11 10:38:00,Product C,3,47.6
ORD-1789,2024-01-31 19:40:00,Product A,1,143.83
ORD-1790,2024-01-25 11:37:00,Product C,1,190.87
ORD-1791,2024-01-12 15:32:00,Product D,1,410.45
ORD-1792,2024-01-05 23:23:00,Product A,1,178.06
ORD-1793,2024-01-21 03:10:00,Product B,4,390.75
ORD-1794,2024-01-26 20:20:00,Product C,1,249.75
ORD-1795,2024-01-16 22:38:00,Product D,1,148.37
ORD-1796,2024-01-16 13:19:00,Product B,2,345.12
ORD-1797,2024-01-03 13:27:00,Product A,5,288.91
ORD-1798,2024-01-30 12:49:00,Product C,1,326.85
ORD-1799,2024-01-26 02:47:00,Product A,2,151.03
ORD-1800,2024-01-25 11:07:00,Product D,1,472.1
ORD-1801,2024-01-27 04:40:00,Product C,2,330.02
ORD-1802,2024-01-05 06:21:00,Product B,1,436.39
ORD-1803,2024-01-10 20:11:00,Product D,2,161.8
ORD-1804,2024-01-04 22:32:00,Product C,1,417.24
ORD-1805,2024-01-25 04:04:00,Product C,1,271.6
ORD-1806,2024-01-13 23:09:00,Product A,5,302.78
ORD-1807,2024-01-27 02:00:00,Product C,5,72.69
ORD-1808,2024-01-13 22:20:00,Product D,2,113.13
ORD-1809,2024-01-21 09:28:00,Product A,1,448.31
ORD-1810,2024-01-17 08:58:00,Product B,2,377.39
ORD-1811,2024-01-02 00:11:00,Product A,4,375.77
ORD-1812,2024-01-02 06:32:00,Product A,4,120.04
ORD-1813,2024-01-05 12:50:00,Product C,3,218.86
ORD-1814,2024-01-25 20:31:00,Product C,2,381.22
ORD-1815,2024-01-15 17:09:00,Product C,4,394.04
ORD-1816,2024-01-23 11:51:00,Product A,2,422.13
ORD-1817,2024-01-05 17:15:00,Product D,1,45.24
ORD-1818,2024-01-05 04:20:00,Product D,1,207.59
ORD-1819,2024-01-28 20:51:00,Product B,5,437.29
ORD-1820,2024-01-28 18:38:00,Product D,2,287.75
ORD-1821,2024-01-10 00:15:00,Product B,5,91.13
ORD-1822,2024-01-08 00:48:00,Product C,4,385.44
ORD-1823,2024-01-29 04:11:00,Product A,4,494.9
ORD-1824,2024-01-30 14:27:00,Product A,4,280.53
ORD-1825,2024-01-02 14:53:00,Product D,4,392.91
ORD-1826,2024-01-03 12:01:00,Product B,4,25.51
ORD-1827,2024-01-30 12:46:00,Product B,1,210.07
ORD-1828,2024-01-24 06:30:00,Product A,3,321.16
ORD-1829,2024-01-07 13:02:00,Product A,4,59.67
ORD-1830,2024-01-11 22:34:00,Product C,5,178.72
ORD-1831,2024-01-16 09:36:00,Product B,3,74.46
ORD-1832,2024-01-06 00:09:00,Product A,2,45.38
ORD-1833,2024-01-02 04:47:00,Product B,5,241.71
ORD-1834,2024-01-18 16:49:00,Product A,2,243.51
ORD-1835,2024-01-14 05:29:00,Product C,5,290.35
ORD-1836,2024-01-19 18:06:00,Product B,5,388.93
ORD-1837,2024-01-21 17:00:00,Product A,3,87.01
ORD-1838,2024-01-29 01:52:00,Product B,5,159.94
ORD-1839,2024-01-02 23:13:00,Product C,5,247.2
ORD-1840,2024-01-04 14:35:00,Product B,3,195.32
ORD-1841,2024-01-01 13:35:00,Product B,3,385.01
ORD-1842,2024-01-14 09:53:00,Product A,2,356.1
ORD-1843,2024-01-21 19:30:00,Product A,3,479.99
ORD-1844,2024-01-10 21:07:00,Product B,1,497.97
ORD-1845,2024-01-18 10:43:00,Product B,1,95.74
ORD-1846,2024-01-23 22:38:00,Product C,2,146.65
ORD-1847,2024-01-10 14:35:00,Product D,1,417.76
ORD-1848,2024-01-15 14:27:00,Product B,2,228.92
ORD-1849,2024-01-29 22:49:00,Product A,4,359.59
ORD-1850,2024-01-30 06:48:00,Product D,5,467.25
ORD-1851,2024-01-04 05:35:00,Product A,2,439.87
ORD-1852,2024-01-26 10:59:00,Product B,3,26.99
ORD-1853,2024-01-15 23:13:00,Product C,5,321.1
ORD-1854,2024-01-31 08:04:00,Product B,3,226.03
ORD-1855,2024-01-18 03:03:00,Product C,3,101.27
ORD-1856,2024-01-03 13:06:00,Product D,4,421.32
ORD-1857,2024-01-07 02:29:00,Product A,3,492.1
ORD-1858,2024-01-29 07:20:00,Product B,4,67.52
ORD-1859,2024-01-09 08:02:00,Product A,3,367.05
ORD-1860,2024-01-30 22:57:00,Product A,5,165.73
ORD-1861,2024-01-02 09:24:00,Product B,2,51.15
ORD-1862,2024-01-23 10:52:00,Product C,1,70.73
ORD-1863,2024-01-09 01:54:00,Product A,2,389.18
ORD-1864,2024-01-16 01:13:00,Product D,1,116.65
ORD-1865,2024-01-01 11:47:00,Product B,5,177.45
ORD-1866,2024-01-25 05:31:00,Product C,2,190.13
ORD-1867,2024-01-05 11:35:00,Product D,1,306.33
ORD-1868,2024-01-03 13:32:00,Product B,1,411.06
ORD-1869,2024-01-17 23:37:00,Product A,4,34.34
ORD-1870,2024-01-24 18:06:00,Product B,2,171.62
ORD-1871,2024-01-23 18:00:00,Product A,4,451.05
ORD-1872,2024-01-02 20:51:00,Product A,1,177.05
ORD-1873,2024-01-09 09:57:00,Product D,3,57.03
ORD-1874,2024-01-17 07:45:00,Product B,1,204.89
ORD-1875,2024-01-19 22:14:00,Product C,5,379.82
ORD-1876,2024-01-08 00:40:00,Product B,2,340.58
ORD-1877,2024-01-31 15:25:00,Product B,1,190.26
ORD-1878,2024-01-25 05:16:00,Product D,1,89.3
ORD-1879,2024-01-07 00:13:00,Product C,3,110.84
ORD-1880,2024-01-16 09:35:00,Product B,3,164.66
ORD-1881,2024-01-11 16:29:00,Product C,3,430.7
ORD-1882,2024-01-30 07:22:00,Product D,4,497.95
ORD-1883,2024-01-26 20:32:00,Product D,1,365.1
ORD-1884,2024-01-01 06:16:00,Product D,3,206.61
ORD-1885,2024-01-15 22:22:00,Product D,2,75.09
ORD-1886,2024-01-23 23:10:00,Product C,2,170.47
ORD-1887,2024-01-22 00:51:00,Product B,3,217.82
ORD-1888,2024-01-20 07:26:00,Product B,1,158.83
ORD-1889,2024-01-27 17:41:00,Product B,2,134.81
ORD-1890,2024-01-07 16:57:00,Product B,5,313.03
ORD-1891,2024-01-14 00:15:00,Product B,5,295.25
ORD-1892,2024-01-31 21:45:00,Product D,1,176.47
ORD-1893,2024-01-10 00:59:00,Product B,2,339.29
ORD-1894,2024-01-11 16:36:00,Product B,4,409.49
ORD-1895,2024-01-22 12:28:00,Product B,1,321.89
ORD-1896,2024-01-18 03:28:00,Product C,2,72.19
ORD-1897,2024-01-20 11:23:00,Product C,1,214.14
ORD-1898,2024-01-30 11:48:00,Product A,5,285.48
ORD-1899,2024-01-06 05:25:00,Product A,1,63.99
ORD-1900,2024-01-10 16:44:00,Product A,4,159.94
ORD-1901,2024-01-12 18:33:00,Product A,4,220.1
ORD-1902,2024-01-03 23:28:00,Product A,1,92.15
ORD-1903,2024-01-11 00:37:00,Product A,5,400.72
ORD-1904,2024-01-03 20:15:00,Product C,5,218.33
ORD-1905,2024-01-16 10:25:00,Product D,4,343.53
ORD-1906,2024-01-15 17:06:00,Product D,2,422.53
ORD-1907,2024-01-24 17:51:00,Product A,4,375.53
ORD-1908,2024-01-10 09:07:00,Product C,2,176.18
ORD-1909,2024-01-19 15:30:00,Product A,5,364.43
ORD-1910,2024-01-18 13:21:00,Product D,3,291.43
ORD-1911,2024-01-17 07:11:00,Product D,1,201.58
ORD-1912,2024-01-22 08:11:00,Product D,2,148.74
ORD-1913,2024-01-21 17:02:00,Product A,4,42.54
ORD-1914,2024-01-05 18:05:00,Product A,2,322.83
ORD-1915,2024-01-01 18:10:00,Product A,3,191.77
ORD-1916,2024-01-24 18:58:00,Product B,2,482.78
ORD-1917,2024-01-10 05:45:00,Product D,2,365.74
ORD-1918,2024-01-28 17:52:00,Product D,3,332.94
ORD-1919,2024-01-28 09:43:00,Product D,3,414.23
ORD-1920,2024-01-09 20:46:00,Product B,5,57.12
ORD-1921,2024-01-30 03:47:00,Product B,1,393.96
ORD-1922,2024-01-19 02:27:00,Product D,1,429.71
ORD-1923,2024-01-26 19:31:00,Product A,4,30.98
ORD-1924,2024-01-18 07:50:00,Product A,5,272.31
ORD-1925,2024-01-19 20:38:00,Product B,1,25.92
ORD-1926,2024-01-06 08:08:00,Product C,4,210.49
ORD-1927,2024-01-03 07:17:00,Product A,1,278.7
ORD-1928,2024-01-26 05:29:00,Product B,2,424.82
ORD-1929,2024-01-01 17:59:00,Product D,4,399.21
ORD-1930,2024-01-23 15:23:00,Product B,5,451.1
ORD-1931,2024-01-21 00:04:00,Product C,1,388.04
ORD-1932,2024-01-29 18:26:00,Product D,1,89.94
ORD-1933,2024-01-11 11:30:00,Product A,4,431.24
ORD-1934,2024-01-12 07:53:00,Product A,3,422.02
ORD-1935,2024-01-20 13:30:00,Product B,3,381.72
ORD-1936,2024-01-15 16:18:00,Product D,3,276.23
ORD-1937,2024-01-04 08:40:00,Product A,2,445.45
ORD-1938,2024-01-28 05:26:00,Product B,4,363.25
ORD-1939,2024-01-27 18:36:00,Product A,3,479.26
ORD-1940,2024-01-19 00:07:00,Product A,2,59.73
ORD-1941,2024-01-02 10:59:00,Product C,5,477.17
ORD-1942,2024-01-06 20:19:00,Product C,3,324.32
ORD-1943,2024-01-22 05:11:00,Product A,5,194.19
ORD-1944,2024-01-06 20:26:00,Product D,1,245.35
ORD-1945,2024-01-26 00:29:00,Product D,1,340.63
ORD-1946,2024-01-14 23:49:00,Product A,2,157.26
ORD-1947,2024-01-18 13:41:00,Product A,3,332.51
ORD-1948,2024-01-18 17:40:00,Product C,1,175.9
ORD-1949,2024-01-21 17:28:00,Product C,3,48.5
ORD-1950,2024-01-06 07:04:00,Product A,2,430.15
ORD-1951,2024-01-07 05:06:00,Product A,2,365.41
ORD-1952,2024-01-25 19:11:00,Product C,1,440.9
ORD-1953,2024-01-21 17:43:00,Product A,4,181.21
ORD-1954,2024-01-08 22:49:00,Product B,3,28.18
ORD-1955,2024-01-28 19:21:00,Product C,3,486.66
ORD-1956,2024-01-15 03:12:00,Product D,2,479.53
ORD-1957,2024-01-28 09:24:00,Product C,3,320.37
ORD-1958,2024-01-14 05:26:00,Product B,4,456.97
ORD-1959,2024-01-19 19:42:00,Product B,2,163.36
ORD-1960,2024-01-15 20:55:00,Product A,1,465.36
ORD-1961,2024-01-20 09:09:00,Product C,5,349.67
ORD-1962,2024-01-05 21:38:00,Product B,5,194.5
ORD-1963,2024-01-11 22:03:00,Product A,4,427.51
ORD-1964,2024-01-30 13:27:00,Product B,1,374.56
ORD-1965,2024-01-14 07:34:00,Product B,3,392.34
ORD-1966,2024-01-10 03:47:00,Product B,1,445.49
ORD-1967,2024-01-08 00:01:00,Product C,3,152.3
ORD-1968,2024-01-05 05:55:00,Product C,4,487.46
ORD-1969,2024-01-22 04:39:00,Product A,4,46.22
ORD-1970,2024-01-07 07:57:00,Product B,5,311.32
ORD-1971,2024-01-04 13:17:00,Product B,3,83.59
ORD-1972,2024-01-02 06:59:00,Product D,3,38.75
ORD-1973,2024-01-09 06:35:00,Product C,3,356.29
ORD-1974,2024-01-07 20:29:00,Product D,4,403.44
ORD-1975,2024-01-29 08:28:00,Product C,4,450.31
ORD-1976,2024-01-05 18:37:00,Product A,2,154.44
ORD-1977,2024-01-21 18:46:00,Product A,3,268.21
ORD-1978,2024-01-03 10:23:00,Product B,3,266.97
ORD-1979,2024-01-12 21:20:00,Product A,3,399.93
ORD-1980,2024-01-10 19:10:00,Product B,4,458.9
ORD-1981,2024-01-23 07:42:00,Product D,4,171.22
ORD-1982,2024-01-11 10:07:00,Product B,1,159.62
ORD-1983,2024-01-24 19:14:00,Product D,3,427.91
ORD-1984,2024-01-30 08:50:00,Product D,3,191.35
ORD-1985,2024-01-12 12:42:00,Product C,1,32.5
ORD-1986,2024-01-09 07:07:00,Product C,2,257.77
ORD-1987,2024-01-20 07:27:00,Product B,1,401.04
ORD-1988,2024-01-24 07:40:00,Product C,4,149.69
ORD-1989,2024-01-12 03:07:00,Product D,1,189.08
ORD-1990,2024-01-24 15:23:00,Product B,4,34.85
ORD-1991,2024-01-22 18:35:00,Product D,1,81.58
ORD-1992,2024-01-09 13:20:00,Product A,3,363.91
ORD-1993,2024-01-23 12:54:00,Product C,1,244.4
ORD-1994,2024-01-27 00:24:00,Product C,4,306.17
ORD-1995,2024-01-23 19:50:00,Product A,1,256.21
ORD-1996,2024-01-27 10:10:00,Product D,5,398.66
ORD-1997,2024-01-20 22:57:00,Product A,2,142.72
ORD-1998,2024-01-22 03:24:00,Product B,1,333.68
ORD-1999,2024-01-02 07:25:00,Product A,4,146.97
ORD-2000,2024-01-02 23:52:00,Product A,2,172.82
ORD-2001,2024-01-26 04:31:00,Product C,4,250.71
ORD-2002,2024-01-28 06:15:00,Product A,1,75.87
ORD-2003,2024-01-30 17:56:00,Product C,4,440.07
ORD-2004,2024-01-20 04:43:00,Product B,5,234.92
ORD-2005,2024-01-04 20:55:00,Product B,5,390.75
ORD-2006,2024-01-29 01:38:00,Product A,2,428.45
ORD-2007,2024-01-21 12:45:00,Product B,5,35.77
ORD-2008,2024-01-28 01:43:00,Product A,4,435.06
ORD-2009,2024-01-07 08:02:00,Product D,1,81.72
ORD-2010,2024-01-11 01:45:00,Product D,3,252.49
ORD-2011,2024-01-02 11:05:00,Product C,4,91.61
ORD-2012,2024-01-29 02:54:00,Product B,5,54.71
ORD-2013,2024-01-31 23:15:00,Product B,2,447.72
ORD-2014,2024-01-08 22:54:00,Product C,3,135.94
ORD-2015,2024-01-10 02:28:00,Product C,2,243.7
ORD-2016,2024-01-26 12:00:00,Product C,4,38.01
ORD-2017,2024-01-24 01:19:00,Product C,2,215.39
ORD-2018,2024-01-11 14:39:00,Product D,2,107.74
ORD-2019,2024-01-08 00:12:00,Product B,4,118.17
ORD-2020,2024-01-20 19:49:00,Product A,4,148.42
ORD-2021,2024-01-08 05:32:00,Product A,4,146.56
ORD-2022,2024-01-04 00:58:00,Product B,4,493.98
ORD-2023,2024-01-05 00:52:00,Product D,4,343.51
ORD-2024,2024-01-24 06:55:00,Product B,4,366.1
ORD-2025,2024-01-11 14:18:00,Product B,3,260.48
ORD-2026,2024-01-14 05:33:00,Product A,1,496.79
ORD-2027,2024-01-14 19:01:00,Product C,4,202.24
ORD-2028,2024-01-29 03:48:00,Product C,2,411.19
ORD-2029,2024-01-19 17:16:00,Product C,2,242.17
ORD-2030,2024-01-31 18:25:00,Product C,3,498.45
ORD-2031,2024-01-18 03:07:00,Product A,2,421.95
ORD-2032,2024-01-30 09:07:00,Product D,2,275.13
ORD-2033,2024-01-30 19:05:00,Product A,5,475.32
ORD-2034,2024-01-25 02:55:00,Product B,4,177.51
ORD-2035,2024-01-30 00:23:00,Product A,2,305.73
ORD-2036,2024-01-15 00:04:00,Product A,2,461.4
ORD-2037,2024-01-30 08:46:00,Product B,4,234.56
ORD-2038,2024-01-03 06:43:00,Product C,3,117.02
ORD-2039,2024-01-02 09:01:00,Product D,5,378.34
ORD-2040,2024-01-29 19:00:00,Product D,1,431.15
ORD-2041,2024-01-02 09:59:00,Product C,4,168.37
ORD-2042,2024-01-22 08:30:00,Product C,3,192.08
ORD-2043,2024-01-03 04:08:00,Product A,5,477.99
ORD-2044,2024-01-06 10:23:00,Product A,1,448.48
ORD-2045,2024-01-09 11:37:00,Product D,4,223.31
ORD-2046,2024-01-03 17:33:00,Product B,5,268.6
ORD-2047,2024-01-03 11:15:00,Product A,1,480.75
ORD-2048,2024-01-18 16:29:00,Product C,1,180.4
ORD-2049,2024-01-13 08:20:00,Product A,2,64.57
ORD-2050,2024-01-31 22:54:00,Product A,1,323.98
ORD-2051,2024-01-21 19:17:00,Product B,1,453.8
ORD-2052,2024-01-10 17:04:00,Product C,5,379.76
ORD-2053,2024-01-20 16:40:00,Product D,1,366.73
ORD-2054,2024-01-19 01:59:00,Product A,1,49.22
ORD-2055,2024-01-13 00:01:00,Product B,4,347.62
ORD-2056,2024-01-31 16:57:00,Product B,4,151.2
ORD-2057,2024-01-30 17:04:00,Product D,2,265.63
ORD-2058,2024-01-29 06:42:00,Product C,1,304.95
ORD-2059,2024-01-15 03:46:00,Product A,4,59.33
ORD-2060,2024-01-23 22:54:00,Product B,3,304.89
ORD-2061,2024-01-19 17:18:00,Product A,2,312.24
ORD-2062,2024-01-12 12:38:00,Product D,3,273.92
ORD-2063,2024-01-15 17:01:00,Product C,3,184.81
ORD-2064,2024-01-30 23:12:00,Product D,5,365.98
ORD-2065,2024-01-06 12:03:00,Product C,4,234.62
ORD-2066,2024-01-28 05:06:00,Product C,2,176.95
ORD-2067,2024-01-31 16:46:00,Product D,1,144.2
ORD-2068,2024-01-26 00:42:00,Product B,1,369.56
ORD-2069,2024-01-27 03:58:00,Product B,2,499.92
ORD-2070,2024-01-31 22:21:00,Product D,3,62.49
ORD-2071,2024-01-13 16:56:00,Product A,3,274.14
ORD-2072,2024-01-23 22:42:00,Product D,2,48.8
ORD-2073,2024-01-09 13:17:00,Product C,2,369.07
ORD-2074,2024-01-31 05:46:00,Product A,4,372.82
ORD-2075,2024-01-13 21:53:00,Product D,1,240.37
ORD-2076,2024-01-30 18:36:00,Product B,4,408.88
ORD-2077,2024-01-21 18:32:00,Product A,3,58.62
ORD-2078,2024-01-25 06:09:00,Product C,3,125.41
ORD-2079,2024-01-08 11:55:00,Product D,2,131.55
ORD-2080,2024-01-10 00:36:00,Product C,5,248.8
ORD-2081,2024-01-09 01:04:00,Product C,5,239.41
ORD-2082,2024-01-30 10:11:00,Product B,3,36.83
ORD-2083,2024-01-01 12:16:00,Product C,4,176.56
ORD-2084,2024-01-19 23:56:00,Product D,1,212.86
ORD-2085,2024-01-30 09:59:00,Product A,5,262.85
ORD-2086,2024-01-26 22:16:00,Product C,5,266.88
ORD-2087,2024-01-25 19:54:00,Product C,1,289.93
ORD-2088,2024-01-18 20:26:00,Product B,3,210.62
ORD-2089,2024-01-11 20:08:00,Product A,5,214.89
ORD-2090,2024-01-29 08:38:00,Product D,1,442.3
ORD-2091,2024-01-08 16:07:00,Product D,5,453.2
ORD-2092,2024-01-05 16:55:00,Product C,5,195.38
ORD-2093,2024-01-13 05:58:00,Product B,1,242.93
ORD-2094,2024-01-01 09:47:00,Product C,2,459.84
ORD-2095,2024-01-02 05:43:00,Product D,3,155.49
ORD-2096,2024-01-09 17:18:00,Product A,4,272.08
ORD-2097,2024-01-28 17:13:00,Product A,1,336.56
ORD-2098,2024-01-27 02:08:00,Product C,4,31.87
ORD-2099,2024-01-08 21:04:00,Product A,1,460.53
ORD-2100,2024-01-28 09:59:00,Product A,2,261.06
ORD-2101,2024-01-30 08:59:00,Product D,1,444.71
ORD-2102,2024-01-05 11:34:00,Product D,4,42.07
ORD-2103,2024-01-27 06:47:00,Product D,2,327.03
ORD-2104,2024-01-16 22:53:00,Product A,2,362.44
ORD-2105,2024-01-19 22:35:00,Product A,1,46.56
ORD-2106,2024-01-05 13:01:00,Product C,1,234.73
ORD-2107,2024-01-04 14:02:00,Product B,5,227.3
ORD-2108,2024-01-29 18:39:00,Product B,3,487.33
ORD-2109,2024-01-09 09:36:00,Product D,3,75.58
ORD-2110,2024-01-28 14:29:00,Product D,2,107.18
ORD-2111,2024-01-15 19:20:00,Product C,3,422.58
ORD-2112,2024-01-21 17:11:00,Product B,2,321.63
ORD-2113,2024-01-29 16:25:00,Product C,2,376.21
ORD-2114,2024-01-14 16:11:00,Product A,5,95.71
ORD-2115,2024-01-01 20:00:00,Product D,1,301.22
ORD-2116,2024-01-28 04:22:00,Product A,4,261.26
ORD-2117,2024-01-07 00:06:00,Product D,3,341.86
ORD-2118,2024-01-12 07:22:00,Product B,2,53.56
ORD-2119,2024-01-17 14:44:00,Product C,1,313.24
ORD-2120,2024-01-02 03:09:00,Product C,3,381.93
ORD-2121,2024-01-24 10:05:00,Product A,1,460.19
ORD-2122,2024-01-26 04:38:00,Product A,5,446.0
ORD-2123,2024-01-06 00:34:00,Product D,5,67.68
ORD-2124,2024-01-17 00:00:00,Product A,1,497.61
ORD-2125,2024-01-22 13:54:00,Product C,2,233.19
ORD-2126,2024-01-19 19:50:00,Product C,4,443.06
ORD-2127,2024-01-29 15:29:00,Product D,2,142.52
ORD-2128,2024-01-14 21:43:00,Product D,5,129.84
ORD-2129,2024-01-23 19:36:00,Product D,5,39.95
ORD-2130,2024-01-23 21:59:00,Product B,2,485.28
ORD-2131,2024-01-28 13:09:00,Product D,5,241.96
ORD-2132,2024-01-14 17:07:00,Product A,3,400.84
ORD-2133,2024-01-07 02:45:00,Product C,2,95.34
ORD-2134,2024-01-06 07:49:00,Product D,3,251.96
ORD-2135,2024-01-23 07:03:00,Product C,3,49.76
ORD-2136,2024-01-20 10:56:00,Product C,2,368.36
ORD-2137,2024-01-20 04:27:00,Product D,2,171.62
ORD-2138,2024-01-08 12:22:00,Product A,1,405.59
ORD-2139,2024-01-19 18:24:00,Product C,5,146.66
ORD-2140,2024-01-04 11:26:00,Product D,1,41.91
ORD-2141,2024-01-18 11:07:00,Product B,5,91.83
ORD-2142,2024-01-25 13:02:00,Product B,5,370.17
ORD-2143,2024-01-07 12:50:00,Product C,2,91.66
ORD-2144,2024-01-06 19:29:00,Product D,1,182.03
ORD-2145,2024-01-06 10:43:00,Product A,5,291.19
ORD-2146,2024-01-23 23:11:00,Product C,1,309.33
ORD-2147,2024-01-12 11:22:00,Product C,5,203.6
ORD-2148,2024-01-20 23:39:00,Product C,2,300.96
ORD-2149,2024-01-16 18:35:00,Product C,4,92.05
ORD-2150,2024-01-27 06:47:00,Product A,4,474.57
ORD-2151,2024-01-22 00:20:00,Product D,3,268.11
ORD-2152,2024-01-04 12:10:00,Product D,1,343.84
ORD-2153,2024-01-12 10:24:00,Product C,1,243.11
ORD-2154,2024-01-15 11:31:00,Product C,2,376.42
ORD-2155,2024-01-20 18:24:00,Product C,1,181.63
ORD-2156,2024-01-22 00:41:00,Product C,5,36.68
ORD-2157,2024-01-06 16:52:00,Product D,1,378.52
ORD-2158,2024-01-18 05:09:00,Product C,5,95.99
ORD-2159,2024-01-18 17:56:00,Product A,5,153.6
ORD-2160,2024-01-17 11:49:00,Product C,1,149.45
ORD-2161,2024-01-15 18:45:00,Product D,1,383.21
ORD-2162,2024-01-26 14:37:00,Product A,3,459.15
ORD-2163,2024-01-18 06:07:00,Product D,4,416.56
ORD-2164,2024-01-17 11:08:00,Product D,3,326.46
ORD-2165,2024-01-24 12:12:00,Product C,3,391.36
ORD-2166,2024-01-21 17:09:00,Product B,5,293.18
ORD-2167,2024-01-23 23:13:00,Product C,2,145.06
ORD-2168,2024-01-22 11:08:00,Product C,3,403.64
ORD-2169,2024-01-28 20:35:00,Product D,1,97.22
ORD-2170,2024-01-10 21:26:00,Product B,1,238.09
ORD-2171,2024-01-26 12:43:00,Product A,3,491.76
ORD-2172,2024-01-11 06:20:00,Product D,1,164.56
ORD-2173,2024-01-17 08:17:00,Product C,5,373.54
ORD-2174,2024-01-21 12:06:00,Product C,2,122.12
ORD-2175,2024-01-01 06:42:00,Product B,4,105.03
ORD-2176,2024-01-16 19:51:00,Product B,4,78.32
ORD-2177,2024-01-26 14:16:00,Product D,4,290.69
ORD-2178,2024-01-06 09:44:00,Product C,4,433.55
ORD-2179,2024-01-14 09:11:00,Product C,3,445.02
ORD-2180,2024-01-21 23:37:00,Product C,1,281.52
ORD-2181,2024-01-27 21:18:00,Product D,1,335.61
ORD-2182,2024-01-06 11:04:00,Product B,4,357.95
ORD-2183,2024-01-18 01:42:00,Product D,4,128.52
ORD-2184,2024-01-17 09:38:00,Product D,2,21.05
ORD-2185,2024-01-10 05:54:00,Product C,5,53.56
ORD-2186,2024-01-31 18:06:00,Product B,3,431.42
ORD-2187,2024-01-31 06:29:00,Product D,1,388.03
ORD-2188,2024-01-02 09:53:00,Product D,5,23.16
ORD-2189,2024-01-14 12:22:00,Product D,4,292.06
ORD-2190,2024-01-17 06:54:00,Product A,3,317.1
ORD-2191,2024-01-30 12:46:00,Product D,2,486.68
ORD-2192,2024-01-09 19:08:00,Product C,3,452.12
ORD-2193,2024-01-02 01:52:00,Product B,5,457.59
ORD-2194,2024-01-29 00:08:00,Product C,4,129.26
ORD-2195,2024-01-14 06:46:00,Product C,5,350.11
ORD-2196,2024-01-11 03:43:00,Product A,2,342.57
ORD-2197,2024-01-27 15:12:00,Product A,2,61.54
ORD-2198,2024-01-03 06:08:00,Product A,3,484.95
ORD-2199,2024-01-26 01:16:00,Product C,2,203.69
ORD-2200,2024-01-25 22:53:00,Product D,4,89.82
ORD-2201,2024-01-15 15:22:00,Product D,1,273.42
ORD-2202,2024-01-17 21:05:00,Product A,3,44.09
ORD-2203,2024-01-12 06:55:00,Product D,5,181.33
ORD-2204,2024-01-20 22:19:00,Product D,5,470.9
ORD-2205,2024-01-28 12:14:00,Product A,5,80.98
ORD-2206,2024-01-30 19:29:00,Product C,5,69.48
ORD-2207,2024-01-24 18:58:00,Product D,5,23.1
ORD-2208,2024-01-25 02:32:00,Product C,3,199.99
ORD-2209,2024-01-31 11:46:00,Product A,5,459.98
ORD-2210,2024-01-24 00:23:00,Product B,2,41.13
ORD-2211,2024-01-12 00:04:00,Product B,2,303.14
ORD-2212,2024-01-22 23:46:00,Product A,2,321.53
ORD-2213,2024-01-24 01:47:00,Product B,4,155.04
ORD-2214,2024-01-09 02:07:00,Product D,5,196.36
ORD-2215,2024-01-08 12:52:00,Product D,4,138.38
ORD-2216,2024-01-04 04:51:00,Product C,1,457.02
ORD-2217,2024-01-02 07:25:00,Product B,5,146.39
ORD-2218,2024-01-31 14:32:00,Product B,2,437.37
ORD-2219,2024-01-20 12:03:00,Product B,1,170.46
ORD-2220,2024-01-29 22:13:00,Product C,5,479.04
ORD-2221,2024-01-29 12:31:00,Product B,5,311.79
ORD-2222,2024-01-03 23:15:00,Product C,1,413.64
ORD-2223,2024-01-23 20:58:00,Product D,1,355.62
ORD-2224,2024-01-17 15:19:00,Product A,5,206.5
ORD-2225,2024-01-19 10:09:00,Product D,4,291.3
ORD-2226,2024-01-08 16:26:00,Product C,5,228.21
ORD-2227,2024-01-04 07:55:00,Product A,4,445.94
ORD-2228,2024-01-24 00:04:00,Product B,1,290.61
ORD-2229,2024-01-02 21:17:00,Product D,5,285.88
ORD-2230,2024-01-10 01:06:00,Product C,3,478.3
ORD-2231,2024-01-06 22:42:00,Product C,5,253.66
ORD-2232,2024-01-11 10:37:00,Product B,5,184.1
ORD-2233,2024-01-03 20:57:00,Product C,3,214.57
ORD-2234,2024-01-21 05:12:00,Product C,3,392.79
ORD-2235,2024-01-28 03:55:00,Product B,2,441.45
ORD-2236,2024-01-02 16:50:00,Product C,4,28.72
ORD-2237,2024-01-29 12:25:00,Product C,3,252.6
ORD-2238,2024-01-16 11:12:00,Product C,4,91.25
ORD-2239,2024-01-24 09:45:00,Product C,4,323.58
ORD-2240,2024-01-23 00:12:00,Product D,1,343.5
ORD-2241,2024-01-26 09:48:00,Product A,2,104.51
ORD-2242,2024-01-20 21:43:00,Product C,5,69.85
ORD-2243,2024-01-11 22:22:00,Product D,4,310.47
ORD-2244,2024-01-07 12:01:00,Product B,3,484.87
ORD-2245,2024-01-13 14:38:00,Product A,2,255.32
ORD-2246,2024-01-05 03:43:00,Product D,5,398.96
ORD-2247,2024-01-30 18:43:00,Product A,4,67.83
ORD-2248,2024-01-08 23:00:00,Product A,3,237.33
ORD-2249,2024-01-10 04:34:00,Product C,3,306.26
ORD-2250,2024-01-01 04:49:00,Product D,3,52.52
ORD-2251,2024-01-11 17:20:00,Product A,1,122.85
ORD-2252,2024-01-27 21:24:00,Product A,1,208.29
ORD-2253,2024-01-16 23:29:00,Product A,2,309.21
ORD-2254,2024-01-18 12:43:00,Product A,3,269.54
ORD-2255,2024-01-14 16:26:00,Product B,5,313.13
ORD-2256,2024-01-30 08:31:00,Product D,2,331.53
ORD-2257,2024-01-16 00:15:00,Product A,1,133.69
ORD-2258,2024-01-03 17:33:00,Product C,3,188.72
ORD-2259,2024-01-27 06:42:00,Product B,5,464.49
ORD-2260,2024-01-09 14:42:00,Product C,2,471.75
ORD-2261,2024-01-23 09:19:00,Product C,3,166.74
ORD-2262,2024-01-20 15:15:00,Product C,4,398.89
ORD-2263,2024-01-06 14:02:00,Product B,2,308.41
ORD-2264,2024-01-06 19:31:00,Product D,2,309.87
ORD-2265,2024-01-04 18:32:00,Product D,5,233.01
ORD-2266,2024-01-16 04:12:00,Product B,1,347.59
ORD-2267,2024-01-14 02:55:00,Product A,4,406.91
ORD-2268,2024-01-25 00:16:00,Product B,3,142.4
ORD-2269,2024-01-21 03:33:00,Product A,1,56.12
ORD-2270,2024-01-21 14:25:00,Product A,1,362.01
ORD-2271,2024-01-09 23:31:00,Product C,5,121.12
ORD-2272,2024-01-14 02:18:00,Product A,5,377.65
ORD-2273,2024-01-06 19:50:00,Product C,1,223.42
ORD-2274,2024-01-20 01:19:00,Product A,4,108.57
ORD-2275,2024-01-12 15:17:00,Product C,3,202.33
ORD-2276,2024-01-01 14:18:00,Product B,2,359.78
ORD-2277,2024-01-25 01:50:00,Product B,5,181.22
ORD-2278,2024-01-31 05:06:00,Product B,4,218.21
ORD-2279,2024-01-16 21:10:00,Product D,3,387.28
ORD-2280,2024-01-18 02:49:00,Product A,2,439.69
ORD-2281,2024-01-26 18:39:00,Product A,1,448.17
ORD-2282,2024-01-26 21:37:00,Product D,4,451.73
ORD-2283,2024-01-29 15:09:00,Product A,2,355.82
ORD-2284,2024-01-05 15:50:00,Product D,2,242.82
ORD-2285,2024-01-14 03:46:00,Product C,3,146.15
ORD-2286,2024-01-02 18:43:00,Product C,4,384.01
ORD-2287,2024-01-14 07:56:00,Product D,2,351.87
ORD-2288,2024-01-17 01:51:00,Product A,5,406.5
ORD-2289,2024-01-12 00:01:00,Product B,4,355.0
ORD-2290,2024-01-18 04:50:00,Product C,5,431.06
ORD-2291,2024-01-22 01:39:00,Product B,5,155.29
ORD-2292,2024-01-05 11:04:00,Product B,5,66.2
ORD-2293,2024-01-10 11:06:00,Product D,2,100.68
ORD-2294,2024-01-09 11:01:00,Product B,2,166.18
ORD-2295,2024-01-22 19:55:00,Product D,2,439.31
ORD-2296,2024-01-31 09:48:00,Product D,4,473.55
ORD-2297,2024-01-10 08:02:00,Product B,3,302.94
ORD-2298,2024-01-13 06:17:00,Product D,1,350.95
ORD-2299,2024-01-19 11:30:00,Product C,5,201.35
ORD-2300,2024-01-10 05:20:00,Product C,4,194.31
ORD-2301,2024-01-26 08:41:00,Product C,2,165.02
ORD-2302,2024-01-16 06:22:00,Product C,1,412.94
ORD-2303,2024-01-30 04:44:00,Product B,5,129.85
ORD-2304,2024-01-31 19:02:00,Product A,4,305.32
ORD-2305,2024-01-05 17:03:00,Product D,5,58.21
ORD-2306,2024-01-03 07:25:00,Product C,3,182.0
ORD-2307,2024-01-24 06:28:00,Product C,5,226.94
ORD-2308,2024-01-01 02:56:00,Product D,5,131.91
ORD-2309,2024-01-28 10:55:00,Product B,4,253.54
ORD-2310,2024-01-20 00:18:00,Product D,3,213.58
ORD-2311,2024-01-15 05:23:00,Product A,5,44.68
ORD-2312,2024-01-27 15:35:00,Product B,2,221.97
ORD-2313,2024-01-19 08:40:00,Product C,2,21.35
ORD-2314,2024-01-17 19:53:00,Product B,5,55.11
ORD-2315,2024-01-20 07:26:00,Product A,4,188.51
ORD-2316,2024-01-30 19:12:00,Product A,5,378.98
ORD-2317,2024-01-18 14:52:00,Product A,5,279.95
ORD-2318,2024-01-07 06:22:00,Product C,5,152.71
ORD-2319,2024-01-16 10:14:00,Product B,2,269.06
ORD-2320,2024-01-13 09:14:00,Product D,1,33.19
ORD-2321,2024-01-22 09:30:00,Product D,5,100.77
ORD-2322,2024-01-02 04:03:00,Product A,3,232.02
ORD-2323,2024-01-06 10:35:00,Product A,5,225.36
ORD-2324,2024-01-19 16:01:00,Product B,3,367.42
ORD-2325,2024-01-30 16:38:00,Product B,1,269.6
ORD-2326,2024-01-07 03:53:00,Product C,2,252.71
ORD-2327,2024-01-29 22:31:00,Product A,2,131.38
ORD-2328,2024-01-01 23:01:00,Product C,4,167.46
ORD-2329,2024-01-05 01:36:00,Product A,4,455.38
ORD-2330,2024-01-21 21:31:00,Product A,4,424.36
ORD-2331,2024-01-26 14:12:00,Product D,3,86.33
ORD-2332,2024-01-02 05:57:00,Product B,3,24.29
ORD-2333,2024-01-01 10:51:00,Product B,2,243.96
ORD-2334,2024-01-22 21:33:00,Product D,4,334.55
ORD-2335,2024-01-25 01:36:00,Product D,3,320.97
ORD-2336,2024-01-08 06:47:00,Product C,2,429.13
ORD-2337,2024-01-18 05:14:00,Product C,5,113.65
ORD-2338,2024-01-15 02:09:00,Product B,3,30.06
ORD-2339,2024-01-11 10:34:00,Product D,5,346.42
ORD-2340,2024-01-10 00:25:00,Product A,5,170.79
ORD-2341,2024-01-26 22:33:00,Product A,1,55.79
ORD-2342,2024-01-01 01:39:00,Product A,5,304.35
ORD-2343,2024-01-22 14:30:00,Product B,5,497.88
ORD-2344,2024-01-18 11:51:00,Product A,5,443.8
ORD-2345,2024-01-17 17:47:00,Product B,4,292.2
ORD-2346,2024-01-14 06:56:00,Product D,5,84.33
ORD-2347,2024-01-19 03:11:00,Product C,1,283.98
ORD-2348,2024-01-12 00:36:00,Product D,3,84.42
ORD-2349,2024-01-04 05:23:00,Product A,3,363.26
ORD-2350,2024-01-20 17:29:00,Product D,1,324.66
ORD-2351,2024-01-26 15:35:00,Product A,3,92.75
ORD-2352,2024-01-26 07:50:00,Product D,5,277.41
ORD-2353,2024-01-04 19:00:00,Product A,1,326.29
ORD-2354,2024-01-25 08:27:00,Product B,3,448.18
ORD-2355,2024-01-27 21:27:00,Product B,3,178.11
ORD-2356,2024-01-07 08:55:00,Product A,3,93.01
ORD-2357,2024-01-20 21:26:00,Product B,1,273.88
ORD-2358,2024-01-22 01:07:00,Product D,1,189.86
ORD-2359,2024-01-11 09:51:00,Product A,4,239.31
ORD-2360,2024-01-22 07:03:00,Product A,5,233.0
ORD-2361,2024-01-21 03:51:00,Product C,2,92.12
ORD-2362,2024-01-25 11:25:00,Product C,2,350.12
ORD-2363,2024-01-19 23:33:00,Product C,3,383.16
ORD-2364,2024-01-04 11:54:00,Product C,5,472.12
ORD-2365,2024-01-23 13:52:00,Product C,4,246.87
ORD-2366,2024-01-16 11:13:00,Product B,5,434.7
ORD-2367,2024-01-26 19:49:00,Product D,5,229.12
ORD-2368,2024-01-16 00:31:00,Product B,4,456.87
ORD-2369,2024-01-26 05:35:00,Product A,2,398.3
ORD-2370,2024-01-24 14:38:00,Product A,5,215.29
ORD-2371,2024-01-11 20:10:00,Product A,1,226.62
ORD-2372,2024-01-04 15:01:00,Product D,4,370.76
ORD-2373,2024-01-20 16:15:00,Product D,2,423.69
ORD-2374,2024-01-12 05:17:00,Product A,5,395.47
ORD-2375,2024-01-24 09:28:00,Product C,5,383.37
ORD-2376,2024-01-25 00:15:00,Product C,1,309.03
ORD-2377,2024-01-04 01:04:00,Product C,3,37.72
ORD-2378,2024-01-27 19:36:00,Product D,2,37.07
ORD-2379,2024-01-20 05:28:00,Product D,4,232.01
ORD-2380,2024-01-07 18:03:00,Product B,4,455.95
ORD-2381,2024-01-09 01:13:00,Product D,4,461.6
ORD-2382,2024-01-07 18:58:00,Product A,3,474.68
ORD-2383,2024-01-27 13:24:00,Product C,3,415.73
ORD-2384,2024-01-16 09:45:00,Product C,3,423.28
ORD-2385,2024-01-26 21:43:00,Product C,3,391.96
ORD-2386,2024-01-02 05:36:00,Product A,1,126.82
ORD-2387,2024-01-07 22:08:00,Product A,2,146.18
ORD-2388,2024-01-14 07:58:00,Product A,1,424.32
ORD-2389,2024-01-13 18:53:00,Product B,2,169.92
ORD-2390,2024-01-13 11:09:00,Product C,1,291.69
ORD-2391,2024-01-09 23:50:00,Product D,4,490.72
ORD-2392,2024-01-14 03:18:00,Product D,1,208.87
ORD-2393,2024-01-04 00:50:00,Product A,1,443.77
ORD-2394,2024-01-25 05:04:00,Product C,1,105.63
ORD-2395,2024-01-05 15:18:00,Product B,1,170.46
ORD-2396,2024-01-06 01:48:00,Product A,5,52.2
ORD-2397,2024-01-28 22:15:00,Product D,3,493.98
ORD-2398,2024-01-07 03:32:00,Product D,5,403.9
ORD-2399,2024-01-27 19:18:00,Product D,5,282.51
ORD-2400,2024-01-30 04:11:00,Product A,3,159.09
ORD-2401,2024-01-19 06:42:00,Product C,1,24.26
ORD-2402,2024-01-27 03:35:00,Product C,3,174.26
ORD-2403,2024-01-25 10:38:00,Product D,4,272.01
ORD-2404,2024-01-22 20:22:00,Product D,2,85.14
ORD-2405,2024-01-20 16:01:00,Product A,5,141.33
ORD-2406,2024-01-08 05:52:00,Product B,2,161.12
ORD-2407,2024-01-10 21:26:00,Product C,3,234.97
ORD-2408,2024-01-08 20:00:00,Product C,4,411.13
ORD-2409,2024-01-15 06:56:00,Product C,5,462.46
ORD-2410,2024-01-05 23:23:00,Product A,4,93.27
ORD-2411,2024-01-06 10:08:00,Product C,4,75.31
ORD-2412,2024-01-08 14:24:00,Product A,2,150.84
ORD-2413,2024-01-28 10:37:00,Product A,5,314.15
ORD-2414,2024-01-06 15:17:00,Product B,3,167.81
ORD-2415,2024-01-14 03:41:00,Product D,5,304.57
ORD-2416,2024-01-16 14:13:00,Product C,5,29.07
ORD-2417,2024-01-08 00:42:00,Product C,3,405.48
ORD-2418,2024-01-01 16:47:00,Product D,1,169.89
ORD-2419,2024-01-05 02:09:00,Product D,4,319.34
ORD-2420,2024-01-03 06:01:00,Product C,5,185.66
ORD-2421,2024-01-22 12:25:00,Product C,4,447.59
ORD-2422,2024-01-24 01:19:00,Product B,4,235.94
ORD-2423,2024-01-12 12:35:00,Product D,3,381.79
ORD-2424,2024-01-27 22:54:00,Product D,2,476.39
ORD-2425,2024-01-18 01:23:00,Product A,2,250.47
ORD-2426,2024-01-14 22:52:00,Product B,1,27.25
ORD-2427,2024-01-27 17:43:00,Product B,5,277.34
ORD-2428,2024-01-16 00:59:00,Product A,4,33.24
ORD-2429,2024-01-28 20:00:00,Product A,1,338.34
ORD-2430,2024-01-28 05:44:00,Product C,3,448.33
ORD-2431,2024-01-30 12:38:00,Product B,3,283.25
ORD-2432,2024-01-05 09:18:00,Product B,2,133.53
ORD-2433,2024-01-04 10:49:00,Product B,2,285.09
ORD-2434,2024-01-15 02:25:00,Product D,4,440.13
ORD-2435,2024-01-14 18:16:00,Product D,4,341.12
ORD-2436,2024-01-01 08:55:00,Product C,5,294.18
ORD-2437,2024-01-13 23:42:00,Product C,5,362.46
ORD-2438,2024-01-05 02:28:00,Product C,5,217.1
ORD-2439,2024-01-14 03:21:00,Product A,4,22.3
ORD-2440,2024-01-18 05:12:00,Product C,1,239.43
ORD-2441,2024-01-10 11:56:00,Product B,5,168.28
ORD-2442,2024-01-03 05:10:00,Product D,3,174.22
ORD-2443,2024-01-18 11:14:00,Product A,5,258.2
ORD-2444,2024-01-04 18:24:00,Product C,2,140.8
ORD-2445,2024-01-08 17:36:00,Product C,2,58.3
ORD-2446,2024-01-30 19:42:00,Product B,1,106.15
ORD-2447,2024-01-29 00:58:00,Product D,3,469.55
ORD-2448,2024-01-01 21:33:00,Product C,2,421.76
ORD-2449,2024-01-07 12:03:00,Product C,3,471.02
ORD-2450,2024-01-21 06:03:00,Product C,2,53.38
ORD-2451,2024-01-15 03:30:00,Product C,1,380.22
ORD-2452,2024-01-13 00:13:00,Product C,4,145.71
ORD-2453,2024-01-27 13:25:00,Product B,4,311.55
ORD-2454,2024-01-19 16:14:00,Product D,5,38.88
ORD-2455,2024-01-24 01:35:00,Product B,1,480.43
ORD-2456,2024-01-27 15:59:00,Product A,2,112.77
ORD-2457,2024-01-30 18:44:00,Product C,1,94.64
ORD-2458,2024-01-24 04:56:00,Product B,1,183.64
ORD-2459,2024-01-27 01:21:00,Product C,5,226.03
ORD-2460,2024-01-01 09:50:00,Product D,2,274.81
ORD-2461,2024-01-29 09:10:00,Product C,3,45.88
ORD-2462,2024-01-07 01:01:00,Product B,3,373.45
ORD-2463,2024-01-08 01:01:00,Product A,4,81.04
ORD-2464,2024-01-15 00:52:00,Product B,5,278.6
ORD-2465,2024-01-28 17:24:00,Product D,1,238.46
ORD-2466,2024-01-27 11:31:00,Product C,4,59.3
ORD-2467,2024-01-09 11:12:00,Product D,3,436.48
ORD-2468,2024-01-02 01:22:00,Product A,2,413.72
ORD-2469,2024-01-13 23:38:00,Product A,2,47.96
ORD-2470,2024-01-05 13:29:00,Product B,5,140.8
ORD-2471,2024-01-25 20:23:00,Product D,5,315.16
ORD-2472,2024-01-10 12:28:00,Product A,3,253.88
ORD-2473,2024-01-23 03:48:00,Product B,1,41.36
ORD-2474,2024-01-26 10:36:00,Product B,3,325.86
ORD-2475,2024-01-22 23:15:00,Product C,1,299.79
ORD-2476,2024-01-18 01:29:00,Product C,1,319.67
ORD-2477,2024-01-13 22:57:00,Product D,2,398.95
ORD-2478,2024-01-26 18:58:00,Product D,4,209.89
ORD-2479,2024-01-10 15:55:00,Product A,4,483.66
ORD-2480,2024-01-17 19:49:00,Product D,4,318.34
ORD-2481,2024-01-02 04:57:00,Product D,5,114.7
ORD-2482,2024-01-25 05:54:00,Product B,1,316.96
ORD-2483,2024-01-11 13:45:00,Product A,1,285.64
ORD-2484,2024-01-10 13:13:00,Product A,5,256.15
ORD-2485,2024-01-18 05:33:00,Product D,2,423.61
ORD-2486,2024-01-11 21:08:00,Product B,5,90.29
ORD-2487,2024-01-24 06:05:00,Product D,5,201.09
ORD-2488,2024-01-07 08:53:00,Product D,5,325.12
ORD-2489,2024-01-16 14:36:00,Product B,1,377.0
ORD-2490,2024-01-01 20:30:00,Product C,1,345.56
ORD-2491,2024-01-27 09:48:00,Product C,1,68.75
ORD-2492,2024-01-09 20:38:00,Product C,4,162.44
ORD-2493,2024-01-23 13:00:00,Product A,2,40.98
ORD-2494,2024-01-22 01:40:00,Product B,5,193.24
ORD-2495,2024-01-31 06:43:00,Product B,5,65.42
ORD-2496,2024-01-16 19:10:00,Product B,1,302.72
ORD-2497,2024-01-27 06:15:00,Product D,3,268.08
ORD-2498,2024-01-06 19:02:00,Product B,2,35.58
ORD-2499,2024-01-05 06:55:00,Product A,4,40.56
ORD-2500,2024-01-07 16:56:00,Product D,5,220.61
ORD-2501,2024-01-26 23:40:00,Product C,5,342.74
ORD-2502,2024-01-06 02:47:00,Product A,5,325.08
ORD-2503,2024-01-21 01:37:00,Product C,5,266.16
ORD-2504,2024-01-04 18:15:00,Product D,4,169.64
ORD-2505,2024-01-25 23:51:00,Product B,2,153.89
ORD-2506,2024-01-11 16:43:00,Product C,5,209.97
ORD-2507,2024-01-05 04:19:00,Product B,2,498.81
ORD-2508,2024-01-23 17:23:00,Product B,1,156.24
ORD-2509,2024-01-29 23:06:00,Product A,5,194.03
ORD-2510,2024-01-01 14:14:00,Product A,1,366.76
ORD-2511,2024-01-17 12:59:00,Product C,3,394.26
ORD-2512,2024-01-13 09:41:00,Product C,1,400.84
ORD-2513,2024-01-27 09:30:00,Product B,2,62.26
ORD-2514,2024-01-17 18:24:00,Product C,5,163.5
ORD-2515,2024-01-29 09:48:00,Product D,2,148.07
ORD-2516,2024-01-09 23:17:00,Product D,5,238.83
ORD-2517,2024-01-18 18:56:00,Product B,3,205.08
ORD-2518,2024-01-03 19:40:00,Product A,5,402.63
ORD-2519,2024-01-07 08:18:00,Product D,4,461.8
ORD-2520,2024-01-05 16:18:00,Product B,2,169.83
ORD-2521,2024-01-05 18:07:00,Product A,5,332.52
ORD-2522,2024-01-05 01:19:00,Product C,3,441.94
ORD-2523,2024-01-11 05:02:00,Product D,1,75.64
ORD-2524,2024-01-09 13:27:00,Product C,2,458.59
ORD-2525,2024-01-19 04:12:00,Product C,2,38.19
ORD-2526,2024-01-31 22:03:00,Product D,3,163.97
ORD-2527,2024-01-10 23:21:00,Product C,5,282.43
ORD-2528,2024-01-24 21:39:00,Product C,5,221.73
ORD-2529,2024-01-15 22:11:00,Product C,4,456.96
ORD-2530,2024-01-24 19:05:00,Product B,2,191.87
ORD-2531,2024-01-08 13:45:00,Product A,5,303.08
ORD-2532,2024-01-12 19:20:00,Product C,2,406.26
ORD-2533,2024-01-28 12:12:00,Product C,3,356.06
ORD-2534,2024-01-21 08:23:00,Product C,2,57.81
ORD-2535,2024-01-22 05:19:00,Product A,1,477.5
ORD-2536,2024-01-05 20:44:00,Product D,2,79.13
ORD-2537,2024-01-06 21:37:00,Product B,3,118.3
ORD-2538,2024-01-22 16:40:00,Product B,4,325.91
ORD-2539,2024-01-17 12:38:00,Product B,1,325.7
ORD-2540,2024-01-01 01:13:00,Product D,2,334.82
ORD-2541,2024-01-07 04:50:00,Product B,2,335.03
ORD-2542,2024-01-04 21:58:00,Product D,4,266.05
ORD-2543,2024-01-29 19:32:00,Product B,1,80.57
ORD-2544,2024-01-25 08:00:00,Product C,3,421.8
ORD-2545,2024-01-16 13:05:00,Product D,1,391.81
ORD-2546,2024-01-18 11:15:00,Product B,4,464.13
ORD-2547,2024-01-30 18:46:00,Product C,5,111.95
ORD-2548,2024-01-22 21:51:00,Product C,3,462.26
ORD-2549,2024-01-23 23:07:00,Product D,4,95.78
ORD-2550,2024-01-16 12:05:00,Product D,4,256.69
ORD-2551,2024-01-25 09:55:00,Product D,3,170.81
ORD-2552,2024-01-31 16:46:00,Product B,4,295.96
ORD-2553,2024-01-15 15:43:00,Product C,1,132.9
ORD-2554,2024-01-28 18:04:00,Product D,3,107.25
ORD-2555,2024-01-08 07:05:00,Product A,2,346.99
ORD-2556,2024-01-13 03:09:00,Product A,3,392.58
ORD-2557,2024-01-12 17:46:00,Product C,5,235.85
ORD-2558,2024-01-22 11:07:00,Product A,3,142.8
ORD-2559,2024-01-20 08:34:00,Product B,1,467.43
ORD-2560,2024-01-26 16:25:00,Product B,5,248.6
ORD-2561,2024-01-20 00:23:00,Product A,4,165.54
ORD-2562,2024-01-21 10:27:00,Product B,1,174.06
ORD-2563,2024-01-10 05:33:00,Product C,2,312.31
ORD-2564,2024-01-24 18:46:00,Product C,2,394.22
ORD-2565,2024-01-08 00:35:00,Product D,3,232.29
ORD-2566,2024-01-04 04:10:00,Product B,2,227.41
ORD-2567,2024-01-21 15:14:00,Product D,5,180.19
ORD-2568,2024-01-02 10:52:00,Product A,3,36.61
ORD-2569,2024-01-29 00:32:00,Product D,1,424.25
ORD-2570,2024-01-17 02:46:00,Product C,5,369.11
ORD-2571,2024-01-23 04:02:00,Product D,3,411.08
ORD-2572,2024-01-24 16:58:00,Product A,1,203.77
ORD-2573,2024-01-08 21:11:00,Product A,4,44.62
ORD-2574,2024-01-08 04:08:00,Product A,1,37.06
ORD-2575,2024-01-20 13:47:00,Product D,1,316.64
ORD-2576,2024-01-16 00:44:00,Product C,3,244.94
ORD-2577,2024-01-29 10:42:00,Product A,3,40.54
ORD-2578,2024-01-13 13:26:00,Product B,4,266.87
ORD-2579,2024-01-28 03:56:00,Product A,3,67.94
ORD-2580,2024-01-09 08:27:00,Product A,2,331.34
ORD-2581,2024-01-21 23:01:00,Product B,5,362.11
ORD-2582,2024-01-26 03:33:00,Product C,3,214.88
ORD-2583,2024-01-08 18:16:00,Product C,5,290.03
ORD-2584,2024-01-24 19:39:00,Product D,2,491.84
ORD-2585,2024-01-16 04:54:00,Product A,5,199.34
ORD-2586,2024-01-14 14:01:00,Product B,4,436.64
ORD-2587,2024-01-18 17:17:00,Product D,4,95.53
ORD-2588,2024-01-07 22:54:00,Product C,2,245.93
ORD-2589,2024-01-19 17:03:00,Product C,1,472.22
ORD-2590,2024-01-21 06:19:00,Product C,4,36.0
ORD-2591,2024-01-19 22:10:00,Product A,3,179.55
ORD-2592,2024-01-30 16:39:00,Product A,3,383.18
ORD-2593,2024-01-15 04:43:00,Product A,2,432.61
ORD-2594,2024-01-21 19:20:00,Product C,4,493.75
ORD-2595,2024-01-09 15:33:00,Product A,2,141.15
ORD-2596,2024-01-06 05:09:00,Product C,1,394.57
ORD-2597,2024-01-05 13:45:00,Product B,3,270.18
ORD-2598,2024-01-15 10:23:00,Product C,3,176.64
ORD-2599,2024-01-03 11:39:00,Product A,2,65.36
ORD-2600,2024-01-20 11:44:00,Product B,1,310.31
ORD-2601,2024-01-29 18:14:00,Product A,4,32.65
ORD-2602,2024-01-08 05:03:00,Product A,1,198.67
ORD-2603,2024-01-09 09:30:00,Product C,3,85.09
ORD-2604,2024-01-20 19:05:00,Product A,5,88.84
ORD-2605,2024-01-03 22:26:00,Product D,4,319.85
ORD-2606,2024-01-05 00:59:00,Product A,3,195.5
ORD-2607,2024-01-12 08:43:00,Product C,2,296.29
ORD-2608,2024-01-15 13:27:00,Product D,4,227.0
ORD-2609,2024-01-20 02:12:00,Product D,5,163.24
ORD-2610,2024-01-27 15:01:00,Product C,4,161.82
ORD-2611,2024-01-12 13:23:00,Product A,2,464.68
ORD-2612,2024-01-18 21:54:00,Product C,5,359.57
ORD-2613,2024-01-10 21:49:00,Product C,5,251.76
ORD-2614,2024-01-13 00:43:00,Product C,3,171.24
ORD-2615,2024-01-08 09:41:00,Product D,3,459.96
ORD-2616,2024-01-15 11:59:00,Product A,3,289.56
ORD-2617,2024-01-30 04:59:00,Product A,2,452.87
ORD-2618,2024-01-09 02:51:00,Product C,4,350.68
ORD-2619,2024-01-17 02:59:00,Product B,3,414.11
ORD-2620,2024-01-18 16:41:00,Product A,1,145.8
ORD-2621,2024-01-09 15:08:00,Product D,5,186.11
ORD-2622,2024-01-06 10:51:00,Product C,5,84.76
ORD-2623,2024-01-07 18:51:00,Product C,5,340.66
ORD-2624,2024-01-16 12:25:00,Product C,4,113.72
ORD-2625,2024-01-16 20:52:00,Product B,3,339.62
ORD-2626,2024-01-29 20:04:00,Product A,3,489.3
ORD-2627,2024-01-04 22:58:00,Product A,5,463.1
ORD-2628,2024-01-13 07:08:00,Product D,3,332.81
ORD-2629,2024-01-29 21:13:00,Product C,5,139.91
ORD-2630,2024-01-17 18:43:00,Product D,2,134.09
ORD-2631,2024-01-26 23:03:00,Product C,5,302.84
ORD-2632,2024-01-22 18:57:00,Product B,4,332.83
ORD-2633,2024-01-19 00:17:00,Product A,2,141.67
ORD-2634,2024-01-03 22:39:00,Product D,2,113.21
ORD-2635,2024-01-24 11:49:00,Product A,4,389.73
ORD-2636,2024-01-15 15:16:00,Product A,2,193.32
ORD-2637,2024-01-02 12:03:00,Product B,2,359.81
ORD-2638,2024-01-21 19:44:00,Product A,2,113.63
ORD-2639,2024-01-07 09:56:00,Product D,5,346.21
ORD-2640,2024-01-16 19:41:00,Product C,4,106.77
ORD-2641,2024-01-11 16:57:00,Product B,2,147.36
ORD-2642,2024-01-07 09:46:00,Product D,5,90.84
ORD-2643,2024-01-09 16:32:00,Product B,2,122.11
ORD-2644,2024-01-14 10:51:00,Product A,1,234.7
ORD-2645,2024-01-05 10:11:00,Product D,4,213.49
ORD-2646,2024-01-30 05:42:00,Product D,5,138.19
ORD-2647,2024-01-15 12:54:00,Product A,1,332.88
ORD-2648,2024-01-06 17:03:00,Product B,3,371.71
ORD-2649,2024-01-03 04:29:00,Product B,3,174.53
ORD-2650,2024-01-31 09:46:00,Product D,1,234.06
ORD-2651,2024-01-01 06:50:00,Product A,4,388.94
ORD-2652,2024-01-28 14:23:00,Product B,5,471.75
ORD-2653,2024-01-07 08:34:00,Product C,4,294.8
ORD-2654,2024-01-25 10:36:00,Product D,4,51.4
ORD-2655,2024-01-23 22:54:00,Product C,4,124.4
ORD-2656,2024-01-30 07:42:00,Product B,1,416.65
ORD-2657,2024-01-08 03:38:00,Product A,5,331.52
ORD-2658,2024-01-23 14:49:00,Product D,1,167.81
ORD-2659,2024-01-09 00:52:00,Product B,3,38.06
ORD-2660,2024-01-18 16:28:00,Product B,4,173.32
ORD-2661,2024-01-01 13:39:00,Product B,4,487.8
ORD-2662,2024-01-03 19:44:00,Product D,2,202.17
ORD-2663,2024-01-20 11:25:00,Product A,5,443.81
ORD-2664,2024-01-15 14:31:00,Product B,1,461.65
ORD-2665,2024-01-19 18:56:00,Product D,4,133.61
ORD-2666,2024-01-23 13:58:00,Product A,3,142.01
ORD-2667,2024-01-03 11:20:00,Product A,2,472.27
ORD-2668,2024-01-10 10:28:00,Product C,1,423.69
ORD-2669,2024-01-23 11:04:00,Product C,2,285.52
ORD-2670,2024-01-05 20:50:00,Product B,1,253.54
ORD-2671,2024-01-10 04:54:00,Product A,3,157.76
ORD-2672,2024-01-31 03:45:00,Product A,5,484.6
ORD-2673,2024-01-07 02:25:00,Product D,5,345.13
ORD-2674,2024-01-01 09:06:00,Product B,5,359.28
ORD-2675,2024-01-11 16:38:00,Product A,2,86.84
ORD-2676,2024-01-14 13:09:00,Product C,3,313.58
ORD-2677,2024-01-10 19:55:00,Product C,4,52.04
ORD-2678,2024-01-18 18:22:00,Product D,3,310.28
ORD-2679,2024-01-06 07:02:00,Product A,2,77.28
ORD-2680,2024-01-06 00:31:00,Product C,5,229.91
ORD-2681,2024-01-18 05:19:00,Product D,5,92.64
ORD-2682,2024-01-04 22:05:00,Product A,3,187.36
ORD-2683,2024-01-12 23:29:00,Product B,4,84.47
ORD-2684,2024-01-23 10:05:00,Product C,2,197.65
ORD-2685,2024-01-11 12:20:00,Product C,2,270.2
ORD-2686,2024-01-01 08:48:00,Product C,5,280.53
ORD-2687,2024-01-19 16:41:00,Product A,2,351.31
ORD-2688,2024-01-06 06:47:00,Product D,5,37.66
ORD-2689,2024-01-01 06:31:00,Product C,2,490.65
ORD-2690,2024-01-08 11:36:00,Product B,3,85.03
ORD-2691,2024-01-16 17:22:00,Product C,2,499.85
ORD-2692,2024-01-25 12:48:00,Product D,2,110.68
ORD-2693,2024-01-31 01:16:00,Product C,1,216.21
ORD-2694,2024-01-20 23:25:00,Product B,5,271.22
ORD-2695,2024-01-13 10:59:00,Product D,4,455.33
ORD-2696,2024-01-05 04:40:00,Product D,5,279.64
ORD-2697,2024-01-05 02:35:00,Product A,5,458.56
ORD-2698,2024-01-17 20:49:00,Product D,4,146.3
ORD-2699,2024-01-14 04:49:00,Product B,5,308.57
ORD-2700,2024-01-10 01:46:00,Product B,2,298.49
ORD-2701,2024-01-27 14:24:00,Product C,5,433.72
ORD-2702,2024-01-24 02:41:00,Product C,3,394.9
ORD-2703,2024-01-16 09:22:00,Product D,4,491.57
ORD-2704,2024-01-25 06:53:00,Product D,5,170.59
ORD-2705,2024-01-05 04:17:00,Product B,4,363.54
ORD-2706,2024-01-09 15:20:00,Product B,2,58.44
ORD-2707,2024-01-17 09:57:00,Product B,2,84.25
ORD-2708,2024-01-02 13:20:00,Product C,4,341.95
ORD-2709,2024-01-29 23:23:00,Product A,2,158.39
ORD-2710,2024-01-12 17:10:00,Product D,2,472.08
ORD-2711,2024-01-13 16:04:00,Product B,4,323.61
ORD-2712,2024-01-30 18:13:00,Product B,1,240.75
ORD-2713,2024-01-14 17:26:00,Product A,1,153.38
ORD-2714,2024-01-02 21:13:00,Product D,3,188.99
ORD-2715,2024-01-30 13:05:00,Product A,3,177.91
ORD-2716,2024-01-20 11:55:00,Product D,4,168.58
ORD-2717,2024-01-23 00:25:00,Product A,4,76.88
ORD-2718,2024-01-09 13:54:00,Product C,4,443.23
ORD-2719,2024-01-22 01:22:00,Product B,4,115.35
ORD-2720,2024-01-13 07:15:00,Product A,2,417.02
ORD-2721,2024-01-20 11:45:00,Product C,1,126.94
ORD-2722,2024-01-27 04:42:00,Product A,5,236.92
ORD-2723,2024-01-23 04:04:00,Product D,1,497.9
ORD-2724,2024-01-20 07:09:00,Product D,1,270.66
ORD-2725,2024-01-18 01:31:00,Product C,4,84.09
ORD-2726,2024-01-10 08:59:00,Product D,3,318.45
ORD-2727,2024-01-27 04:33:00,Product D,3,224.76
ORD-2728,2024-01-14 01:30:00,Product D,1,310.98
ORD-2729,2024-01-14 04:39:00,Product D,3,454.2
ORD-2730,2024-01-24 08:25:00,Product B,3,464.17
ORD-2731,2024-01-06 21:36:00,Product D,3,338.45
ORD-2732,2024-01-23 00:24:00,Product C,4,77.06
ORD-2733,2024-01-15 11:26:00,Product D,5,26.8
ORD-2734,2024-01-13 07:27:00,Product B,3,149.9
ORD-2735,2024-01-23 23:28:00,Product C,4,440.05
ORD-2736,2024-01-23 09:04:00,Product B,2,395.39
ORD-2737,2024-01-24 22:12:00,Product C,2,22.85
ORD-2738,2024-01-07 09:52:00,Product C,1,285.15
ORD-2739,2024-01-14 00:25:00,Product B,5,388.78
ORD-2740,2024-01-02 10:55:00,Product D,5,32.06
ORD-2741,2024-01-11 14:53:00,Product D,2,48.3
ORD-2742,2024-01-21 15:22:00,Product D,2,94.89
ORD-2743,2024-01-02 09:46:00,Product A,1,69.55
ORD-2744,2024-01-30 17:31:00,Product B,1,149.64
ORD-2745,2024-01-31 18:44:00,Product C,2,341.44
ORD-2746,2024-01-29 14:28:00,Product C,4,222.32
ORD-2747,2024-01-07 00:30:00,Product B,3,112.94
ORD-2748,2024-01-21 06:43:00,Product B,3,220.91
ORD-2749,2024-01-10 14:51:00,Product D,3,365.62
ORD-2750,2024-01-17 19:15:00,Product C,1,414.72
ORD-2751,2024-01-24 18:05:00,Product C,3,171.74
ORD-2752,2024-01-09 19:51:00,Product B,4,344.3
ORD-2753,2024-01-02 07:56:00,Product D,4,420.99
ORD-2754,2024-01-05 12:44:00,Product B,3,76.57
ORD-2755,2024-01-28 22:35:00,Product A,4,59.02
ORD-2756,2024-01-13 00:57:00,Product B,4,472.83
ORD-2757,2024-01-15 20:31:00,Product D,2,278.41
ORD-2758,2024-01-27 20:03:00,Product B,5,250.55
ORD-2759,2024-01-25 20:50:00,Product B,4,96.91
ORD-2760,2024-01-08 06:43:00,Product D,5,107.56
ORD-2761,2024-01-27 15:08:00,Product A,5,345.66
ORD-2762,2024-01-19 07:07:00,Product C,4,434.47
ORD-2763,2024-01-21 17:28:00,Product C,3,260.48
ORD-2764,2024-01-12 14:36:00,Product A,3,223.05
ORD-2765,2024-01-08 12:20:00,Product D,5,206.61
ORD-2766,2024-01-27 04:36:00,Product D,3,72.82
ORD-2767,2024-01-22 14:28:00,Product D,2,93.28
ORD-2768,2024-01-15 11:33:00,Product B,4,180.93
ORD-2769,2024-01-31 08:35:00,Product A,1,88.0
ORD-2770,2024-01-03 11:44:00,Product D,5,76.13
ORD-2771,2024-01-17 04:35:00,Product A,1,195.23
ORD-2772,2024-01-30 20:17:00,Product C,1,219.12
ORD-2773,2024-01-22 11:25:00,Product B,5,224.35
ORD-2774,2024-01-08 04:08:00,Product A,4,463.87
ORD-2775,2024-01-15 05:17:00,Product C,2,85.11
ORD-2776,2024-01-27 17:04:00,Product B,4,87.57
ORD-2777,2024-01-19 16:52:00,Product A,5,177.07
ORD-2778,2024-01-25 09:22:00,Product D,2,114.02
ORD-2779,2024-01-01 01:01:00,Product D,3,253.36
ORD-2780,2024-01-16 09:25:00,Product D,2,153.16
ORD-2781,2024-01-21 08:17:00,Product C,5,293.42
ORD-2782,2024-01-27 04:27:00,Product A,4,273.58
ORD-2783,2024-01-12 04:59:00,Product C,2,392.97
ORD-2784,2024-01-10 12:10:00,Product C,1,164.57
ORD-2785,2024-01-05 09:53:00,Product D,2,270.28
ORD-2786,2024-01-15 03:58:00,Product A,3,394.07
ORD-2787,2024-01-30 22:06:00,Product B,5,311.55
ORD-2788,2024-01-08 09:20:00,Product A,1,152.44
ORD-2789,2024-01-25 19:09:00,Product A,3,375.47
ORD-2790,2024-01-21 00:47:00,Product C,3,249.85
ORD-2791,2024-01-26 06:10:00,Product B,1,402.93
ORD-2792,2024-01-13 07:36:00,Product D,2,158.85
ORD-2793,2024-01-28 02:27:00,Product D,1,211.13
ORD-2794,2024-01-07 02:30:00,Product A,1,88.87
ORD-2795,2024-01-19 06:14:00,Product B,4,465.16
ORD-2796,2024-01-07 19:52:00,Product A,5,473.91
ORD-2797,2024-01-01 21:03:00,Product D,4,107.98
ORD-2798,2024-01-18 00:43:00,Product D,1,57.53
ORD-2799,2024-01-19 04:15:00,Product C,1,272.47
ORD-2800,2024-01-29 14:03:00,Product B,5,105.22
ORD-2801,2024-01-05 11:58:00,Product B,2,495.91
ORD-2802,2024-01-28 17:52:00,Product A,4,392.88
ORD-2803,2024-01-22 18:50:00,Product B,4,441.96
ORD-2804,2024-01-01 18:13:00,Product A,1,349.17
ORD-2805,2024-01-17 01:44:00,Product D,5,242.44
ORD-2806,2024-01-20 06:47:00,Product B,2,83.44
ORD-2807,2024-01-11 08:30:00,Product B,5,478.96
ORD-2808,2024-01-31 08:24:00,Product D,1,254.03
ORD-2809,2024-01-24 05:57:00,Product C,1,287.24
ORD-2810,2024-01-22 12:14:00,Product A,4,217.14
ORD-2811,2024-01-29 05:52:00,Product B,3,282.05
ORD-2812,2024-01-14 11:03:00,Product C,1,295.36
ORD-2813,2024-01-13 06:24:00,Product C,3,265.28
ORD-2814,2024-01-21 10:25:00,Product B,4,424.0
ORD-2815,2024-01-30 20:25:00,Product C,2,142.02
ORD-2816,2024-01-09 14:55:00,Product A,3,222.15
ORD-2817,2024-01-18 21:54:00,Product B,5,378.34
ORD-2818,2024-01-19 00:19:00,Product C,5,32.8
ORD-2819,2024-01-22 20:51:00,Product B,4,455.46
ORD-2820,2024-01-04 13:58:00,Product B,1,145.18
ORD-2821,2024-01-14 12:42:00,Product C,1,464.41
ORD-2822,2024-01-07 18:59:00,Product D,4,361.78
ORD-2823,2024-01-11 17:31:00,Product A,5,388.28
ORD-2824,2024-01-07 09:02:00,Product B,3,270.37
ORD-2825,2024-01-18 10:04:00,Product D,2,84.03
ORD-2826,2024-01-08 23:23:00,Product D,1,309.51
ORD-2827,2024-01-02 04:31:00,Product D,5,44.93
ORD-2828,2024-01-12 22:02:00,Product D,4,122.36
ORD-2829,2024-01-02 23:19:00,Product C,4,463.67
ORD-2830,2024-01-09 22:14:00,Product B,1,479.99
ORD-2831,2024-01-30 10:58:00,Product C,3,65.08
ORD-2832,2024-01-31 23:13:00,Product B,1,371.83
ORD-2833,2024-01-01 13:08:00,Product C,4,77.61
ORD-2834,2024-01-23 22:53:00,Product C,4,45.79
ORD-2835,2024-01-18 10:26:00,Product C,4,94.99
ORD-2836,2024-01-06 23:40:00,Product C,5,146.21
ORD-2837,2024-01-12 20:40:00,Product D,5,110.27
ORD-2838,2024-01-24 16:28:00,Product C,4,486.83
ORD-2839,2024-01-10 21:53:00,Product D,5,137.46
ORD-2840,2024-01-06 09:38:00,Product A,3,311.24
ORD-2841,2024-01-04 10:52:00,Product D,1,200.84
ORD-2842,2024-01-09 14:58:00,Product B,4,250.05
ORD-2843,2024-01-09 02:10:00,Product D,4,77.78
ORD-2844,2024-01-21 01:50:00,Product D,1,393.75
ORD-2845,2024-01-27 01:07:00,Product C,5,130.04
ORD-2846,2024-01-10 19:08:00,Product D,1,224.53
ORD-2847,2024-01-05 06:36:00,Product C,1,220.35
ORD-2848,2024-01-14 08:24:00,Product C,2,488.92
ORD-2849,2024-01-09 16:12:00,Product D,5,315.51
ORD-2850,2024-01-29 10:30:00,Product C,3,301.33
ORD-2851,2024-01-21 01:27:00,Product B,5,55.31
ORD-2852,2024-01-23 10:28:00,Product A,3,33.29
ORD-2853,2024-01-21 08:44:00,Product C,2,390.02
ORD-2854,2024-01-16 17:43:00,Product D,3,481.08
ORD-2855,2024-01-26 16:51:00,Product A,5,193.38
ORD-2856,2024-01-15 04:57:00,Product D,4,207.66
ORD-2857,2024-01-01 10:17:00,Product D,3,489.93
ORD-2858,2024-01-09 14:42:00,Product B,4,27.56
ORD-2859,2024-01-10 04:02:00,Product D,1,469.75
ORD-2860,2024-01-18 09:59:00,Product D,3,54.75
ORD-2861,2024-01-12 11:57:00,Product A,2,315.37
ORD-2862,2024-01-09 08:16:00,Product A,3,30.2
ORD-2863,2024-01-30 18:24:00,Product B,2,281.48
ORD-2864,2024-01-03 10:13:00,Product B,1,457.86
ORD-2865,2024-01-30 23:42:00,Product B,3,379.15
ORD-2866,2024-01-26 17:22:00,Product A,4,316.16
ORD-2867,2024-01-13 10:30:00,Product D,5,56.5
ORD-2868,2024-01-04 13:06:00,Product D,4,491.94
ORD-2869,2024-01-20 20:55:00,Product B,2,447.86
ORD-2870,2024-01-11 11:11:00,Product C,4,314.73
ORD-2871,2024-01-29 23:45:00,Product B,2,128.75
ORD-2872,2024-01-15 22:01:00,Product A,1,279.13
ORD-2873,2024-01-21 18:34:00,Product B,5,123.97
ORD-2874,2024-01-20 21:12:00,Product D,2,172.17
ORD-2875,2024-01-31 02:48:00,Product C,2,334.08
ORD-2876,2024-01-15 18:31:00,Product C,2,74.88
ORD-2877,2024-01-03 06:34:00,Product C,2,375.03
ORD-2878,2024-01-28 08:48:00,Product A,3,409.0
ORD-2879,2024-01-01 05:35:00,Product B,3,487.88
ORD-2880,2024-01-04 20:05:00,Product D,1,280.19
ORD-2881,2024-01-22 04:57:00,Product C,1,373.87
ORD-2882,2024-01-24 04:16:00,Product D,5,366.52
ORD-2883,2024-01-24 09:57:00,Product D,1,130.38
ORD-2884,2024-01-08 18:46:00,Product D,1,302.91
ORD-2885,2024-01-20 05:02:00,Product A,3,79.24
ORD-2886,2024-01-15 21:28:00,Product B,5,346.65
ORD-2887,2024-01-19 01:41:00,Product C,1,490.45
ORD-2888,2024-01-11 19:13:00,Product C,5,242.43
ORD-2889,2024-01-22 04:17:00,Product C,5,292.28
ORD-2890,2024-01-25 16:22:00,Product C,2,180.7
ORD-2891,2024-01-06 02:32:00,Product B,1,367.52
ORD-2892,2024-01-02 17:08:00,Product C,3,414.93
ORD-2893,2024-01-20 10:39:00,Product A,4,415.55
ORD-2894,2024-01-19 08:40:00,Product B,3,143.65
ORD-2895,2024-01-16 05:03:00,Product A,5,174.6
ORD-2896,2024-01-03 11:24:00,Product D,4,125.26
ORD-2897,2024-01-24 03:28:00,Product A,3,70.81
ORD-2898,2024-01-27 05:26:00,Product D,4,498.94
ORD-2899,2024-01-12 23:38:00,Product B,2,111.72
ORD-2900,2024-01-05 03:40:00,Product B,2,450.21
ORD-2901,2024-01-04 23:02:00,Product D,2,233.78
ORD-2902,2024-01-22 00:30:00,Product A,4,290.6
ORD-2903,2024-01-09 18:46:00,Product C,4,432.48
ORD-2904,2024-01-19 10:30:00,Product B,4,364.88
ORD-2905,2024-01-19 17:34:00,Product D,5,111.92
ORD-2906,2024-01-05 15:00:00,Product C,2,272.59
ORD-2907,2024-01-09 02:50:00,Product D,4,131.98
ORD-2908,2024-01-15 01:27:00,Product D,1,356.97
ORD-2909,2024-01-13 17:37:00,Product C,3,203.43
ORD-2910,2024-01-21 09:05:00,Product A,2,55.52
ORD-2911,2024-01-25 11:15:00,Product D,2,221.65
ORD-2912,2024-01-14 05:21:00,Product C,2,480.84
ORD-2913,2024-01-31 10:09:00,Product D,5,144.72
ORD-2914,2024-01-13 15:04:00,Product C,5,92.69
ORD-2915,2024-01-24 13:57:00,Product C,1,157.8
ORD-2916,2024-01-28 19:53:00,Product C,3,289.71
ORD-2917,2024-01-31 22:38:00,Product A,2,229.72
ORD-2918,2024-01-10 05:05:00,Product A,5,378.28
ORD-2919,2024-01-12 03:42:00,Product A,4,250.25
ORD-2920,2024-01-26 14:39:00,Product A,1,176.43
ORD-2921,2024-01-07 12:42:00,Product A,3,84.21
ORD-2922,2024-01-21 06:14:00,Product D,2,323.06
ORD-2923,2024-01-13 01:14:00,Product A,1,303.6
ORD-2924,2024-01-25 00:34:00,Product A,4,258.57
ORD-2925,2024-01-29 10:58:00,Product B,1,249.02
ORD-2926,2024-01-23 17:31:00,Product D,2,290.82
ORD-2927,2024-01-15 16:24:00,Product B,5,328.12
ORD-2928,2024-01-12 03:42:00,Product A,4,198.5
ORD-2929,2024-01-15 18:36:00,Product D,4,341.79
ORD-2930,2024-01-06 21:08:00,Product B,2,353.0
ORD-2931,2024-01-22 20:27:00,Product B,5,448.13
ORD-2932,2024-01-04 23:04:00,Product B,2,315.81
ORD-2933,2024-01-11 20:36:00,Product B,5,453.59
ORD-2934,2024-01-15 18:39:00,Product D,1,477.01
ORD-2935,2024-01-16 19:23:00,Product B,1,58.08
ORD-2936,2024-01-13 06:03:00,Product A,4,425.8
ORD-2937,2024-01-19 01:40:00,Product D,3,418.49
ORD-2938,2024-01-21 22:01:00,Product C,4,127.2
ORD-2939,2024-01-20 14:07:00,Product D,4,56.35
ORD-2940,2024-01-15 16:27:00,Product A,4,94.92
ORD-2941,2024-01-18 06:33:00,Product A,4,489.89
ORD-2942,2024-01-28 04:42:00,Product A,4,210.94
ORD-2943,2024-01-25 18:56:00,Product D,4,229.83
ORD-2944,2024-01-14 19:29:00,Product D,2,468.75
ORD-2945,2024-01-25 14:22:00,Product C,5,411.02
ORD-2946,2024-01-20 17:22:00,Product C,1,147.3
ORD-2947,2024-01-10 03:00:00,Product B,5,385.87
ORD-2948,2024-01-05 18:31:00,Product C,2,183.67
ORD-2949,2024-01-03 23:26:00,Product B,4,295.55
ORD-2950,2024-01-10 07:18:00,Product A,3,387.23
ORD-2951,2024-01-07 06:11:00,Product B,2,303.81
ORD-2952,2024-01-16 23:00:00,Product B,3,66.8
ORD-2953,2024-01-31 12:46:00,Product B,1,302.39
ORD-2954,2024-01-31 01:36:00,Product A,3,305.05
ORD-2955,2024-01-22 18:46:00,Product D,1,30.91
ORD-2956,2024-01-23 00:22:00,Product D,4,45.32
ORD-2957,2024-01-24 23:06:00,Product B,5,405.12
ORD-2958,2024-01-21 18:23:00,Product D,4,186.85
ORD-2959,2024-01-05 22:26:00,Product C,1,228.78
ORD-2960,2024-01-13 04:55:00,Product A,1,467.27
ORD-2961,2024-01-16 21:04:00,Product C,4,66.18
ORD-2962,2024-01-14 02:00:00,Product B,3,150.1
ORD-2963,2024-01-19 13:04:00,Product B,1,62.84
ORD-2964,2024-01-17 07:43:00,Product C,1,46.97
ORD-2965,2024-01-08 15:06:00,Product C,2,144.85
ORD-2966,2024-01-16 06:58:00,Product D,3,187.56
ORD-2967,2024-01-23 13:16:00,Product A,3,487.8
ORD-2968,2024-01-23 11:33:00,Product B,3,116.51
ORD-2969,2024-01-31 21:08:00,Product A,1,149.05
ORD-2970,2024-01-22 22:47:00,Product D,3,57.84
ORD-2971,2024-01-02 15:34:00,Product A,3,35.74
ORD-2972,2024-01-07 07:04:00,Product A,5,360.39
ORD-2973,2024-01-26 16:10:00,Product A,1,204.57
ORD-2974,2024-01-21 03:26:00,Product C,1,28.59
ORD-2975,2024-01-06 20:21:00,Product D,5,366.84
ORD-2976,2024-01-11 07:08:00,Product C,2,105.05
ORD-2977,2024-01-30 12:38:00,Product A,4,131.13
ORD-2978,2024-01-26 22:35:00,Product D,3,264.3
ORD-2979,2024-01-20 03:10:00,Product A,5,471.54
ORD-2980,2024-01-20 00:20:00,Product A,1,74.93
ORD-2981,2024-01-03 23:35:00,Product A,4,253.02
ORD-2982,2024-01-28 09:23:00,Product B,4,28.17
ORD-2983,2024-01-23 10:21:00,Product A,5,199.62
ORD-2984,2024-01-24 06:29:00,Product C,5,198.66
ORD-2985,2024-01-09 13:34:00,Product C,5,75.71
ORD-2986,2024-01-14 18:15:00,Product B,5,49.78
ORD-2987,2024-01-12 16:26:00,Product B,1,206.0
ORD-2988,2024-01-30 17:08:00,Product B,4,196.85
ORD-2989,2024-01-16 14:01:00,Product C,2,431.05
ORD-2990,2024-01-07 01:57:00,Product A,3,311.19
ORD-2991,2024-01-29 16:11:00,Product B,5,233.73
ORD-2992,2024-01-10 13:45:00,Product A,4,295.47
ORD-2993,2024-01-01 07:55:00,Product B,1,40.4
ORD-2994,2024-01-02 07:18:00,Product A,1,220.0
ORD-2995,2024-01-17 09:19:00,Product B,1,24.63
ORD-2996,2024-01-23 16:35:00,Product C,3,107.69
ORD-2997,2024-01-29 14:43:00,Product D,1,499.4
ORD-2998,2024-01-27 23:42:00,Product D,1,48.8
ORD-2999,2024-01-06 03:30:00,Product A,5,52.26
